place,canonical,n_colonies,n_mentions,first_year,last_year,global_role,has_geo_cue
united_kingdom,United Kingdom,124,4755,1867,1966,external_reference,True
england,England,123,4447,1867,1966,external_reference,True
singapore,Singapore,43,2958,1867,1966,external_reference,True
canada,Canada,75,2788,1867,1966,external_reference,True
great_britain,Great Britain,136,2734,1867,1966,external_reference,True
london,London,139,2478,1867,1966,external_reference,True
india,India,95,2439,1867,1966,external_reference,True
jamaica,Jamaica,39,2110,1867,1966,external_reference,True
mauritius,Mauritius,30,2075,1877,1966,external_reference,True
trinidad,Trinidad,46,2058,1867,1966,external_reference,True
australia,Australia,78,2031,1867,1966,external_reference,True
france,France,88,1982,1867,1966,external_reference,True
europe,Europe,102,1957,1867,1966,external_reference,True
lagos,Lagos,26,1862,1867,1961,external_reference,True
spain,Spain,41,1851,1867,1966,external_reference,True
hong_kong,Hong Kong,36,1748,1867,1966,external_reference,True
gold_coast,Gold Coast,24,1713,1867,1956,ambiguous,True
sierra_leone,Sierra Leone,27,1704,1867,1965,external_reference,True
barbados,Barbados,44,1678,1867,1966,external_reference,True
tobago,Tobago,36,1635,1867,1966,external_reference,True
zanzibar,Zanzibar,28,1616,1877,1964,external_reference,True
victoria,Victoria,53,1614,1867,1966,external_reference,True
new_zealand,New Zealand,55,1524,1867,1966,external_reference,True
accra,Accra,15,1487,1867,1963,ambiguous,True
commonwealth,Commonwealth,76,1478,1867,1966,external_reference,True
fiji,Fiji,26,1462,1877,1966,external_reference,True
penang,Penang,24,1428,1867,1963,ambiguous,True
bermuda,Bermuda,30,1421,1867,1966,external_reference,True
aden,Aden,30,1371,1880,1966,external_reference,True
south_africa,South Africa,67,1370,1867,1966,external_reference,True
colombo,Colombo,16,1369,1867,1953,ambiguous,True
cyprus,Cyprus,10,1275,1880,1961,ambiguous,True
china,China,44,1249,1867,1966,external_reference,True
ceylon,Ceylon,26,1240,1867,1961,external_reference,True
kenya,Kenya,23,1204,1905,1966,ambiguous,True
ashanti,Ashanti,10,1192,1877,1956,ambiguous,False
st_vincent,St. Vincent,44,1178,1867,1966,external_reference,True
port_louis,Port Louis,4,1155,1878,1966,local,True
malta,Malta,11,1145,1877,1965,ambiguous,True
nigeria,Nigeria,16,1111,1900,1963,ambiguous,True
bathurst,Bathurst,14,1106,1867,1965,ambiguous,True
west_indies,West Indies,60,1102,1867,1966,external_reference,False
america,America,82,1080,1867,1966,external_reference,True
africa,Africa,58,1059,1867,1966,external_reference,True
st_george,St. George,34,1054,1867,1966,external_reference,True
natal,Natal,29,1052,1877,1966,external_reference,True
uganda,Uganda,31,1038,1896,1963,external_reference,True
grenada,Grenada,40,1031,1867,1966,external_reference,True
malacca,Malacca,21,1021,1867,1963,ambiguous,True
new_york,New York,48,1016,1877,1966,external_reference,True
georgetown,Georgetown,21,1009,1867,1966,ambiguous,True
st_kitts,St. Kitts,20,972,1867,1966,ambiguous,True
port_of_spain,Port of Spain,13,969,1877,1961,ambiguous,True
st_john,St. John,38,965,1867,1966,external_reference,True
sarawak,Sarawak,26,942,1888,1964,external_reference,True
mombasa,Mombasa,19,935,1900,1966,ambiguous,True
brunei,Brunei,22,934,1877,1964,ambiguous,True
st_lucia,St. Lucia,33,929,1867,1966,external_reference,True
antigua,Antigua,33,928,1867,1966,external_reference,True
cape_town,Cape Town,37,927,1867,1966,external_reference,True
northern_rhodesia,Northern Rhodesia,20,849,1897,1964,ambiguous,True
sydney,Sydney,37,826,1867,1966,external_reference,True
dominica,Dominica,30,817,1867,1966,external_reference,False
straits_settlements,Straits Settlements,35,809,1867,1963,external_reference,False
egypt,Egypt,31,800,1883,1966,external_reference,True
nairobi,Nairobi,22,798,1906,1966,ambiguous,True
freetown,Freetown,11,779,1877,1963,ambiguous,True
italy,Italy,32,765,1867,1966,external_reference,True
liverpool,Liverpool,46,755,1877,1961,external_reference,True
new_south_wales,New South Wales,24,752,1867,1955,ambiguous,True
demerara,Demerara,16,751,1867,1966,ambiguous,True
labuan,Labuan,21,744,1867,1963,ambiguous,True
germany,Germany,57,736,1878,1966,external_reference,True
transvaal,Transvaal,19,723,1878,1966,ambiguous,False
southern_rhodesia,Southern Rhodesia,28,715,1898,1965,external_reference,True
basutoland,Basutoland,17,705,1877,1966,local,True
cape_colony,Cape Colony,29,689,1867,1966,external_reference,True
malaya,Malaya,23,683,1894,1964,ambiguous,False
seychelles,Seychelles,18,671,1878,1966,ambiguous,True
kingston,Kingston,17,662,1867,1966,ambiguous,True
cape_coast,Cape Coast,9,657,1877,1956,ambiguous,True
nassau,Nassau,11,647,1867,1966,ambiguous,True
nevis,Nevis,19,643,1867,1966,ambiguous,True
windward_islands,Windward Islands,40,631,1867,1966,external_reference,True
gambia,Gambia,20,625,1867,1965,ambiguous,False
paris,Paris,50,621,1867,1966,external_reference,True
san_fernando,San Fernando,6,610,1877,1957,local,True
palestine,Palestine,7,610,1921,1951,ambiguous,True
larnaca,Larnaca,2,603,1883,1959,local,True
southern_nigeria,Southern Nigeria,9,596,1900,1960,local,True
st_mary,St. Mary,17,583,1867,1965,ambiguous,True
montserrat,Montserrat,21,579,1867,1966,ambiguous,False
new_providence,New Providence,4,578,1867,1966,local,True
famagusta,Famagusta,1,578,1883,1959,local,True
lake_nyasa,Lake Nyasa,12,577,1896,1964,ambiguous,True
belize,Belize,6,576,1867,1962,local,True
nova_scotia,Nova Scotia,16,573,1867,1966,local,True
west_africa,West Africa,22,572,1877,1965,ambiguous,True
cameroons,Cameroons,12,572,1890,1962,ambiguous,False
stanley,Stanley,16,571,1877,1966,ambiguous,True
tonga,Tonga,17,569,1886,1966,ambiguous,True
queensland,Queensland,18,565,1867,1948,ambiguous,True
st_helena,St. Helena,16,564,1867,1966,ambiguous,True
halifax,Halifax,20,563,1867,1966,ambiguous,True
north_borneo,North Borneo,21,563,1888,1964,ambiguous,True
nyasaland,Nyasaland,31,561,1894,1965,external_reference,True
tanganyika,Tanganyika,21,555,1896,1964,ambiguous,True
kumasi,Kumasi,3,542,1894,1956,local,True
rhodesia,Rhodesia,29,542,1896,1966,external_reference,False
borneo,Borneo,23,533,1867,1963,ambiguous,True
virgin_islands,Virgin Islands,16,515,1877,1966,ambiguous,True
berbice,Berbice,3,510,1867,1966,local,True
east_africa,East Africa,36,495,1890,1966,external_reference,True
quebec,Quebec,14,475,1867,1939,ambiguous,True
japan,Japan,43,472,1877,1966,external_reference,True
durban,Durban,24,468,1877,1966,ambiguous,True
western_australia,Western Australia,13,458,1867,1927,local,True
limassol,Limassol,1,451,1883,1959,local,True
bahamas,Bahamas,14,444,1867,1966,ambiguous,False
gibraltar,Gibraltar,7,441,1877,1966,ambiguous,True
buganda,Buganda,3,438,1909,1962,local,True
australian,Australian,35,436,1867,1966,external_reference,True
perak,Perak,18,435,1877,1957,local,True
melbourne,Melbourne,19,428,1867,1966,ambiguous,True
jerusalem,Jerusalem,7,428,1883,1964,ambiguous,True
bulawayo,Bulawayo,10,419,1896,1964,ambiguous,True
kedah,Kedah,18,411,1867,1957,local,True
kowloon,Kowloon,1,411,1889,1966,local,True
madagascar,Madagascar,15,409,1877,1966,ambiguous,True
lake_victoria,Lake Victoria,13,403,1906,1963,ambiguous,True
newfoundland,Newfoundland,11,402,1867,1951,ambiguous,True
sandakan,Sandakan,7,402,1888,1963,local,False
leeward_islands,Leeward Islands,28,401,1867,1966,external_reference,True
south_australia,South Australia,14,398,1867,1927,local,True
tasmania,Tasmania,14,398,1867,1929,local,False
jesselton,Jesselton,8,397,1905,1964,ambiguous,False
auckland,Auckland,15,394,1867,1966,ambiguous,True
marseilles,Marseilles,27,391,1877,1966,external_reference,True
togoland,Togoland,6,390,1894,1956,local,True
st_thomas,St. Thomas,22,389,1867,1966,ambiguous,True
wales,Wales,40,388,1867,1961,external_reference,False
cape_of_good_hope,Cape of Good Hope,14,379,1867,1962,ambiguous,True
hamilton,Hamilton,14,376,1877,1966,ambiguous,True
bombay,Bombay,24,374,1867,1966,ambiguous,True
kimberley,Kimberley,16,373,1877,1961,ambiguous,True
syria,Syria,7,368,1883,1959,ambiguous,True
northern_nigeria,Northern Nigeria,8,365,1900,1965,local,True
johore,Johore,18,352,1867,1963,local,True
port_elizabeth,Port Elizabeth,6,349,1867,1940,local,True
gozo,Gozo,3,344,1877,1964,local,True
the_island,The Island,37,341,1867,1966,external_reference,True
rarotonga,Rarotonga,7,340,1890,1966,ambiguous,True
sekondi,Sekondi,7,340,1894,1956,ambiguous,True
venezuela,Venezuela,13,339,1867,1966,ambiguous,True
kuching,Kuching,8,335,1888,1963,ambiguous,True
cuba,Cuba,17,334,1867,1966,ambiguous,True
kandy,Kandy,4,333,1867,1950,local,False
pemba,Pemba,3,333,1896,1963,local,True
manitoba,Manitoba,3,326,1877,1922,local,True
bridgetown,Bridgetown,6,324,1867,1966,local,True
pahang,Pahang,17,322,1889,1957,local,True
fijian,Fijian,4,321,1877,1966,local,False
lusaka,Lusaka,4,320,1925,1964,local,True
selangor,Selangor,15,317,1880,1963,local,True
madras,Madras,15,310,1867,1955,ambiguous,False
gold_coast_colony,Gold Coast Colony,12,309,1877,1952,ambiguous,False
east_london,East London,5,307,1867,1940,local,True
grand_turk,Grand Turk,1,307,1877,1966,local,True
sumatra,Sumatra,13,305,1877,1963,ambiguous,True
siam,Siam,20,303,1877,1963,ambiguous,True
brazil,Brazil,13,302,1867,1966,trading_partner,True
falkland_islands,Falkland Islands,7,300,1877,1966,ambiguous,True
galle,Galle,5,298,1867,1946,local,False
hamburg,Hamburg,23,297,1886,1963,ambiguous,True
australasia,Australasia,24,293,1877,1966,ambiguous,True
vancouver,Vancouver,20,292,1867,1963,ambiguous,True
paphos,Paphos,1,292,1883,1959,local,True
swaziland,Swaziland,19,291,1883,1966,ambiguous,True
negri_sembilan,Negri Sembilan,15,291,1889,1957,local,False
sokoto,Sokoto,5,291,1894,1960,local,True
kelantan,Kelantan,17,288,1906,1963,local,True
scotland,Scotland,38,286,1867,1966,external_reference,False
jinja,Jinja,8,285,1912,1962,ambiguous,True
yola,Yola,4,284,1894,1951,local,True
wellington,Wellington,11,283,1867,1924,ambiguous,True
haifa,Haifa,3,282,1921,1966,local,True
valletta,Valletta,3,273,1880,1964,local,True
south_georgia,South Georgia,3,273,1888,1966,local,True
adelaide,Adelaide,12,271,1867,1927,ambiguous,True
montego_bay,Montego Bay,7,269,1888,1966,ambiguous,True
kyrenia,Kyrenia,1,267,1883,1959,local,True
entebbe,Entebbe,12,266,1906,1966,ambiguous,False
lake_chad,Lake Chad,5,265,1894,1960,local,True
new_brunswick,New Brunswick,5,262,1867,1922,local,True
bechuanaland_protectorate,Bechuanaland Protectorate,16,262,1890,1966,ambiguous,False
st_joseph,St. Joseph,23,260,1867,1966,ambiguous,True
trans_jordan,Trans-Jordan,3,256,1927,1946,local,True
broken_hill,Broken Hill,8,248,1894,1964,ambiguous,True
port_harcourt,Port Harcourt,3,248,1914,1960,local,True
perth,Perth,8,247,1867,1966,ambiguous,True
johannesburg,Johannesburg,19,247,1889,1966,ambiguous,True
caicos_islands,Caicos Islands,10,246,1867,1966,ambiguous,True
cape_st,Cape St,6,246,1867,1965,local,True
ascension,Ascension,13,245,1867,1966,ambiguous,True
western_pacific,Western Pacific,19,244,1878,1966,ambiguous,False
ontario,Ontario,5,239,1867,1961,local,True
portugal,Portugal,28,239,1867,1966,external_reference,True
beira,Beira,20,238,1894,1954,ambiguous,True
iraq,Iraq,8,232,1923,1957,ambiguous,True
lake_tanganyika,Lake Tanganyika,14,231,1896,1961,ambiguous,True
san_francisco,San Francisco,18,229,1877,1963,ambiguous,True
southampton,Southampton,23,227,1877,1957,ambiguous,False
canton,Canton,12,226,1877,1952,ambiguous,True
zululand,Zululand,6,226,1880,1922,local,True
kuala_lumpur,Kuala Lumpur,13,226,1889,1963,ambiguous,True
jaffa,Jaffa,3,223,1878,1946,local,True
dahomey,Dahomey,12,223,1894,1951,ambiguous,True
viti_levu,Viti Levu,4,220,1877,1966,local,True
miami,Miami,16,220,1905,1966,ambiguous,True
new_guinea,New Guinea,12,217,1888,1963,ambiguous,True
perlis,Perlis,12,216,1913,1957,local,False
madeira,Madeira,18,215,1867,1940,ambiguous,True
florida,Florida,18,214,1888,1966,ambiguous,True
mexico,Mexico,26,213,1867,1966,external_reference,True
rodrigues,Rodrigues,2,213,1877,1966,local,True
port_antonio,Port Antonio,2,212,1867,1961,local,True
forcados,Forcados,9,210,1894,1951,local,True
anguilla,Anguilla,16,209,1867,1966,ambiguous,True
st_andrew,St. Andrew,20,209,1867,1966,ambiguous,True
carriacou,Carriacou,12,209,1877,1966,ambiguous,True
trincomalee,Trincomalee,2,207,1867,1946,local,False
honduras,Honduras,17,207,1867,1966,ambiguous,True
calcutta,Calcutta,16,207,1877,1953,ambiguous,False
belgium,Belgium,34,207,1894,1963,external_reference,False
takoradi,Takoradi,5,207,1920,1956,local,True
canadian,Canadian,24,206,1877,1966,ambiguous,True
river_colony,River Colony,9,206,1905,1927,ambiguous,True
newcastle,Newcastle,14,205,1867,1961,ambiguous,True
niger_coast_protectorate,Niger Coast Protectorate,9,201,1896,1951,local,False
long_island,Long Island,7,200,1867,1966,ambiguous,True
mashonaland,Mashonaland,12,200,1894,1934,ambiguous,True
zomba,Zomba,7,200,1896,1964,ambiguous,False
stann_creek,Stann Creek,2,199,1888,1966,local,True
victoria_falls,Victoria Falls,14,199,1898,1966,ambiguous,True
nakuru,Nakuru,8,198,1914,1963,ambiguous,True
guinea,Guinea,15,197,1867,1951,local,True
black_river,Black River,4,195,1878,1954,local,True
curepipe,Curepipe,2,194,1883,1966,local,True
sicily,Sicily,3,193,1877,1957,local,False
new_hebrides,New Hebrides,16,193,1889,1966,ambiguous,False
akwapim,Akwapim,4,192,1890,1950,local,False
orange_river_colony,Orange River Colony,9,192,1905,1927,ambiguous,False
prince,Prince,24,191,1867,1963,ambiguous,True
madrid,Madrid,11,189,1867,1966,ambiguous,False
st_ann,St. Ann,10,188,1867,1954,ambiguous,True
jamestown,Jamestown,2,187,1877,1966,local,True
capetown,Capetown,14,186,1886,1951,ambiguous,True
west_africa_settlements,West Africa Settlements,14,185,1867,1951,ambiguous,False
west_falkland,West Falkland,2,184,1867,1966,local,False
south_america,South America,40,184,1877,1966,external_reference,True
punta_gorda,Punta Gorda,1,184,1888,1964,local,True
gulf_of_guinea,Gulf of Guinea,14,183,1867,1951,local,True
st_james,St. James,13,182,1867,1955,ambiguous,True
the_gold_coast,The Gold Coast,8,179,1877,1957,local,False
kudat,Kudat,5,179,1890,1963,local,False
britain,Britain,34,179,1896,1966,external_reference,True
fort_jameson,Fort Jameson,4,178,1900,1952,local,True
rotumah,Rotumah,1,176,1883,1940,local,True
bornu,Bornu,3,176,1900,1960,local,True
mukalla,Mukalla,2,176,1939,1966,local,True
hobart,Hobart,6,175,1888,1927,local,True
lake_albert,Lake Albert,5,174,1906,1962,local,True
st_christopher,St. Christopher,21,173,1867,1966,ambiguous,True
monte_video,Monte Video,4,173,1877,1951,local,True
ireland_island,Ireland Island,4,172,1877,1960,local,True
dunedin,Dunedin,2,172,1877,1922,local,True
brisbane,Brisbane,12,171,1867,1927,ambiguous,True
eleuthera,Eleuthera,5,170,1867,1966,local,False
cook,Cook,8,168,1867,1966,ambiguous,False
prince_edward_island,Prince Edward Island,5,166,1867,1922,local,True
pietermaritzburg,Pietermaritzburg,5,164,1877,1922,local,True
table_bay,Table Bay,5,162,1867,1923,local,True
matabeleland,Matabeleland,8,162,1896,1927,ambiguous,True
presidencies,Presidencies,4,160,1877,1957,local,False
pamplemousses,Pamplemousses,2,159,1878,1966,local,True
brass,Brass,15,159,1889,1951,ambiguous,True
abeokuta,Abeokuta,4,159,1896,1960,local,True
yemen,Yemen,2,159,1923,1966,local,True
java,Java,16,158,1877,1957,ambiguous,False
cape_government,Cape Government,12,157,1877,1951,ambiguous,True
inagua,Inagua,6,156,1867,1966,local,False
north_island,North Island,3,156,1877,1966,local,True
north_eastern_rhodesia,North-Eastern Rhodesia,7,156,1900,1964,ambiguous,True
mozambique,Mozambique,15,155,1877,1966,ambiguous,True
chinde,Chinde,9,155,1896,1946,ambiguous,True
macao,Macao,3,154,1867,1963,local,True
cross_river,Cross River,8,154,1894,1951,local,True
batavia,Batavia,12,153,1877,1951,ambiguous,True
fremantle,Fremantle,4,153,1877,1964,local,True
san_salvador,San Salvador,8,153,1886,1966,ambiguous,True
ocean_island,Ocean Island,7,153,1905,1963,ambiguous,True
ireland,Ireland,31,150,1867,1965,external_reference,False
the_gambia,The Gambia,2,150,1867,1966,local,False
christmas_island,Christmas Island,14,150,1890,1963,ambiguous,True
abaco,Abaco,4,149,1867,1966,local,True
bermudas,Bermudas,8,148,1877,1966,local,False
nuwara_eliya,Nuwara Eliya,1,148,1877,1946,local,False
manila,Manila,13,148,1888,1964,ambiguous,True
foreign,Foreign,22,147,1877,1963,ambiguous,True
grand_cayman,Grand Cayman,3,147,1886,1966,local,True
bechuanaland,Bechuanaland,18,147,1889,1966,ambiguous,True
demerara_river,Demerara River,1,146,1886,1966,local,True
harbour_island,Harbour Island,4,145,1867,1955,local,True
grand_port,Grand Port,2,145,1878,1955,local,True
river_the,River. The,16,145,1879,1966,ambiguous,True
beaufort,Beaufort,4,145,1897,1951,local,False
brindisi,Brindisi,12,144,1877,1940,ambiguous,True
cat_island,Cat Island,5,143,1883,1966,local,True
arabia,Arabia,13,143,1890,1966,ambiguous,True
trengganu,Trengganu,14,143,1909,1957,local,True
vanua_levu,Vanua Levu,4,142,1877,1966,local,True
paria,Paria,3,141,1877,1951,local,True
marlborough,Marlborough,8,140,1867,1961,ambiguous,True
bordeaux,Bordeaux,9,139,1880,1957,ambiguous,True
cook_islands,Cook Islands,13,139,1890,1966,ambiguous,True
river_niger,River Niger,3,138,1908,1951,local,True
out_islands,Out Islands,4,137,1910,1966,local,True
gulf_of_paria,Gulf of Paria,3,136,1877,1951,local,True
plaines_wilhems,Plaines Wilhems,2,136,1878,1955,local,True
st_michael,St. Michael,8,135,1867,1966,ambiguous,True
plymouth,Plymouth,19,132,1867,1964,ambiguous,True
matara,Matara,1,132,1880,1946,local,False
barbuda,Barbuda,7,132,1888,1966,ambiguous,False
jaffna,Jaffna,1,128,1867,1946,local,True
guadeloupe,Guadeloupe,10,128,1888,1966,ambiguous,True
bonthe,Bonthe,2,128,1889,1960,local,True
dakar,Dakar,8,128,1889,1965,ambiguous,True
tangier,Tangier,7,127,1888,1966,ambiguous,True
volta_river,Volta River,5,127,1889,1950,local,True
lamu,Lamu,9,127,1896,1951,ambiguous,True
shanghai,Shanghai,4,126,1877,1952,local,False
labrador,Labrador,3,125,1883,1927,local,True
matale,Matale,4,124,1880,1946,local,False
greece,Greece,9,124,1890,1960,ambiguous,True
north_front,North Front,1,124,1894,1966,local,False
orange_river,Orange River,13,123,1877,1922,ambiguous,True
mediterranean_sea,Mediterranean Sea,3,123,1877,1951,local,False
kurunegala,Kurunegala,2,123,1883,1946,local,False
morphou,Morphou,1,123,1888,1959,local,True
badulla,Badulla,1,122,1867,1946,local,False
sherbro,Sherbro,2,121,1879,1955,local,True
pangkor,Pangkor,6,121,1888,1957,local,True
kalutara,Kalutara,1,120,1878,1946,local,False
east_africa_protectorate,East Africa Protectorate,7,120,1898,1948,ambiguous,False
malayan_peninsula,Malayan Peninsula,6,119,1867,1951,local,True
orinoco,Orinoco,4,119,1877,1966,local,False
batticaloa,Batticaloa,2,118,1867,1946,local,False
cape_coast_castle,Cape Coast Castle,4,117,1867,1950,local,True
portland,Portland,6,117,1867,1961,local,True
roseau,Roseau,7,116,1867,1966,ambiguous,True
amsterdam,Amsterdam,17,116,1878,1963,ambiguous,True
sombrero,Sombrero,15,116,1889,1966,ambiguous,True
port_commission,Port Commission,1,116,1914,1946,local,True
rum_cay,Rum Cay,3,115,1867,1955,local,False
new_orleans,New Orleans,3,115,1888,1966,local,True
souillac,Souillac,2,114,1877,1966,local,True
grand_bahama,Grand Bahama,5,114,1905,1966,local,True
the_islands,The Islands,17,113,1867,1966,ambiguous,True
port_darwin,Port Darwin,9,113,1877,1940,local,True
lyttelton,Lyttelton,1,113,1888,1922,local,False
local_agents,Local Agents,4,113,1923,1956,local,False
carlisle_bay,Carlisle Bay,4,112,1867,1951,local,True
south_atlantic_ocean,South Atlantic Ocean,3,112,1867,1966,local,False
tarkwa,Tarkwa,4,112,1894,1956,local,False
berbera,Berbera,5,112,1905,1960,local,True
watling,Watling,4,111,1867,1966,local,False
falklands,Falklands,2,111,1877,1966,local,False
panama,Panama,11,111,1879,1966,ambiguous,False
negombo,Negombo,1,111,1883,1946,local,False
salamis,Salamis,1,111,1908,1951,local,True
diego_garcia,Diego Garcia,1,110,1877,1965,local,False
tel_aviv,Tel-Aviv,2,110,1927,1958,local,False
st_paul,St. Paul,11,109,1867,1964,ambiguous,True
guatemala,Guatemala,3,109,1867,1966,local,False
seychelles_islands,Seychelles Islands,2,109,1877,1966,local,True
new_caledonia,New Caledonia,10,109,1888,1966,ambiguous,True
aden_protectorate,Aden Protectorate,3,109,1933,1966,local,False
saskatchewan,Saskatchewan,3,108,1888,1922,local,False
electoral_district,Electoral District,3,107,1888,1930,local,True
norfolk_island,Norfolk Island,20,106,1867,1966,ambiguous,True
tiberias,Tiberias,1,106,1921,1946,local,True
lisbon,Lisbon,11,105,1888,1962,ambiguous,True
lafonia,Lafonia,2,105,1888,1966,local,True
salaga,Salaga,5,105,1890,1950,trading_partner,True
kabaka,Kabaka,3,105,1906,1962,local,False
ovalau,Ovalau,2,104,1877,1966,local,True
gambia_river,Gambia River,2,104,1910,1963,local,True
placentia,Placentia,1,103,1867,1927,local,True
port_adelaide,Port Adelaide,1,103,1867,1917,local,True
acre,Acre,1,103,1921,1946,local,False
nelson,Nelson,7,100,1867,1950,ambiguous,True
scarborough,Scarborough,9,100,1867,1957,ambiguous,True
launceston,Launceston,3,100,1877,1917,local,True
moka,Moka,2,100,1878,1951,local,True
pondoland,Pondoland,2,100,1888,1922,local,False
miri,Miri,2,100,1912,1963,local,True
crooked_island,Crooked Island,3,99,1867,1966,local,True
fanning_island,Fanning Island,12,99,1890,1963,ambiguous,True
tawau,Tawau,3,99,1900,1963,local,True
st_david,St. David,14,98,1867,1966,ambiguous,True
alberta,Alberta,3,98,1888,1922,local,False
graham_land,Graham Land,3,98,1922,1966,local,False
winnebah,Winnebah,4,97,1877,1925,local,False
fort_james,Fort James,2,97,1889,1963,local,True
ujiji,Ujiji,11,97,1896,1951,ambiguous,True
exuma,Exuma,5,96,1867,1966,local,False
basseterre,Basseterre,10,96,1867,1966,ambiguous,True
tongatapu,Tongatapu,4,95,1946,1966,local,True
the_leeward_islands,The Leeward Islands,7,94,1877,1962,ambiguous,True
albreda,Albreda,2,94,1880,1963,local,False
sherbro_island,Sherbro Island,2,94,1889,1960,local,True
south_shetland,South Shetland,2,94,1922,1962,local,False
port_said,Port Said,6,93,1877,1956,local,True
perim,Perim,3,93,1897,1966,local,True
kingstown,Kingstown,4,92,1894,1966,local,True
the_falkland_islands,The Falkland Islands,2,91,1867,1966,local,True
river_belize,River Belize,2,91,1877,1953,local,True
christchurch,Christchurch,5,91,1877,1922,local,True
st_julian,St. Julian,2,91,1883,1951,local,True
mahin,Mahin,3,91,1889,1951,local,True
turks_island,Turks Island,6,90,1867,1952,local,True
machakos,Machakos,5,90,1910,1963,local,False
alexandria,Alexandria,7,89,1877,1951,ambiguous,True
cockburn_harbour,Cockburn Harbour,1,89,1877,1966,local,True
berbice_river,Berbice River,1,89,1889,1951,local,True
sefwi,Sefwi,3,89,1896,1950,local,False
tarawa,Tarawa,6,89,1909,1963,local,True
st_pierre,St. Pierre,6,88,1883,1948,local,True
port_moresby,Port Moresby,3,88,1889,1963,local,True
toro,Toro,5,88,1909,1962,local,True
cayman_islands,Cayman Islands,8,88,1912,1966,ambiguous,True
mossel_bay,Mossel Bay,3,87,1867,1922,local,True
turks_islands,Turks Islands,5,87,1877,1965,local,True
puttalam,Puttalam,2,87,1880,1946,local,False
blue_mountains,Blue Mountains,2,87,1894,1951,local,True
st_jago,St. Jago,5,86,1867,1951,local,True
glasgow,Glasgow,12,86,1894,1951,ambiguous,True
krobo,Krobo,4,86,1894,1950,local,False
sierra_leone_government,Sierra Leone Government,1,86,1910,1960,local,False
manchester,Manchester,9,85,1879,1961,ambiguous,True
atiu,Atiu,4,85,1894,1924,local,False
nupe,Nupe,2,85,1900,1951,local,True
ilorin,Ilorin,3,85,1907,1953,local,False
garbutt,Garbutt,2,84,1878,1951,local,False
genoa,Genoa,10,84,1888,1956,ambiguous,True
lome,Lome,5,84,1894,1956,local,True
river_sierra_leone,River Sierra Leone,1,84,1900,1960,local,True
belize_city,Belize City,1,84,1963,1966,local,True
river_gambia,River Gambia,2,83,1879,1965,local,True
naples,Naples,8,83,1880,1964,ambiguous,False
asia_minor,Asia Minor,1,83,1883,1952,local,False
cayman_brac,Cayman Brac,2,83,1886,1966,local,False
chilaw,Chilaw,2,83,1886,1946,local,False
bay_of_islands,Bay of Islands,3,83,1886,1927,local,True
mirs_bay,Mirs Bay,1,83,1899,1966,local,True
tororo,Tororo,6,83,1928,1962,local,True
fijian_affairs,Fijian Affairs,4,83,1946,1966,local,False
vryburg,Vryburg,9,82,1889,1966,ambiguous,True
tahiti,Tahiti,14,82,1894,1966,ambiguous,True
socotra,Socotra,3,82,1897,1966,local,True
rovuma_river,Rovuma River,5,82,1921,1951,local,True
ragged_island,Ragged Island,4,81,1867,1950,local,True
delagoa_bay,Delagoa Bay,7,81,1877,1932,ambiguous,True
lagos_island,Lagos Island,5,81,1879,1951,local,True
western_pacific_islands,Western Pacific Islands,4,81,1890,1964,local,True
south_sandwich,South Sandwich,2,81,1922,1966,local,False
st_philip,St. Philip,7,80,1867,1966,ambiguous,True
corozal,Corozal,1,80,1879,1966,local,True
ankole,Ankole,3,80,1909,1962,local,False
nkana,Nkana,1,80,1931,1955,local,False
mahebourg,Mahebourg,1,79,1878,1966,local,True
hebron,Hebron,3,79,1889,1946,local,False
moratuwa,Moratuwa,1,79,1905,1946,local,False
rangoon,Rangoon,10,78,1877,1957,ambiguous,True
friendly_islands,Friendly Islands,7,78,1888,1966,ambiguous,True
st_peter,St. Peter,6,77,1867,1966,local,True
la_brea,La Brea,4,77,1877,1957,trading_partner,True
bomvanaland,Bomvanaland,2,77,1880,1922,local,False
south_orkney,South Orkney,2,77,1922,1962,local,False
brunei_town,Brunei Town,1,77,1948,1963,local,True
long_cay,Long Cay,4,76,1867,1950,local,False
toronto,Toronto,9,76,1877,1966,ambiguous,True
southern_district,Southern District,16,76,1877,1951,ambiguous,True
comino,Comino,2,76,1877,1964,local,False
tunis,Tunis,2,76,1877,1962,local,True
kombo_st,Kombo St,2,76,1913,1965,local,True
asia,Asia,13,75,1867,1963,ambiguous,True
bay_of_honduras,Bay of Honduras,8,75,1867,1951,ambiguous,True
port_augusta,Port Augusta,5,75,1877,1920,local,True
suez,Suez,10,75,1878,1951,ambiguous,False
cape_horn,Cape Horn,2,75,1888,1966,local,True
waya,Waya,1,75,1888,1951,local,True
wassaw,Wassaw,4,75,1889,1950,local,False
deep_bay,Deep Bay,6,75,1896,1966,local,True
weihaiwei,Weihaiwei,2,75,1905,1930,local,True
lahad_datu,Lahad Datu,2,75,1918,1963,local,False
mean,Mean,3,75,1921,1966,local,False
vancouver_island,Vancouver Island,4,74,1877,1922,local,True
torres_straits,Torres Straits,9,74,1877,1927,ambiguous,True
belize_river,Belize River,1,74,1880,1966,local,True
aowin,Aowin,4,74,1894,1950,local,False
reunion,Reunion,2,74,1908,1966,local,True
andros_island,Andros Island,3,73,1867,1953,local,True
albany,Albany,3,73,1878,1917,local,True
bougainville,Bougainville,6,73,1894,1966,local,True
lake_kioga,Lake Kioga,5,73,1913,1950,local,True
dividing_range,Dividing Range,3,72,1894,1917,local,False
bartica,Bartica,1,72,1897,1952,local,True
st_kitts_nevis,St. Kitts-Nevis,5,72,1913,1952,local,True
cape_howe,Cape Howe,4,71,1867,1917,local,True
oil_islands,Oil Islands,1,71,1886,1962,local,True
caribbean_sea,Caribbean Sea,6,70,1867,1966,local,False
point_danger,Point Danger,4,70,1867,1917,local,True
cays,Cays,3,70,1867,1951,local,False
cape_parliament,Cape Parliament,5,70,1877,1927,local,True
western_district,Western District,16,70,1889,1955,ambiguous,True
st_martin,St. Martin,4,70,1889,1952,local,True
st_lucy,St. Lucy,3,69,1867,1955,local,True
west_india_islands,West India Islands,11,69,1867,1957,ambiguous,True
north_western_district,North-Western District,5,69,1877,1940,local,True
muda_river,Muda River,9,69,1877,1940,ambiguous,True
archipelago,Archipelago,5,69,1886,1946,local,False
rio,Rio,11,69,1890,1963,ambiguous,False
port_bell,Port Bell,6,69,1913,1962,local,True
bird_island,Bird Island,6,68,1867,1951,local,True
watford_islands,Watford Islands,4,68,1877,1959,local,True
griqualand_west,Griqualand West,5,68,1877,1913,local,True
vaal_river,Vaal River,5,68,1877,1913,local,True
fanti,Fanti,4,68,1877,1950,local,False
the_virgin_islands,The Virgin Islands,6,68,1878,1966,local,True
anuradhapura,Anuradhapura,1,68,1880,1946,local,False
pitcairn_island,Pitcairn Island,11,68,1886,1966,ambiguous,True
road_town,Road Town,3,68,1909,1966,local,False
mount_troodos,Mount Troodos,1,67,1883,1951,local,True
malindi,Malindi,9,67,1890,1963,ambiguous,True
shai,Shai,4,67,1894,1940,local,False
gold_coast_government,Gold Coast Government,4,67,1905,1956,local,False
york_island,York Island,1,67,1913,1960,local,True
potaro_river,Potaro River,1,67,1931,1966,local,True
qishn,Qishn,2,67,1939,1966,local,True
cape_hatteras,Cape Hatteras,4,66,1877,1966,local,True
monkey_river,Monkey River,1,66,1880,1951,local,True
gcalekaland,Gcalekaland,2,66,1883,1920,local,True
benin_river,Benin River,8,66,1886,1927,ambiguous,True
bab,Bab,3,66,1894,1966,local,False
mandeb,Mandeb,3,66,1894,1966,local,False
taveuni,Taveuni,3,66,1925,1965,local,True
andros,Andros,4,66,1928,1966,local,False
kamaran,Kamaran,2,66,1940,1966,local,True
northern_district,Northern District,19,65,1883,1951,ambiguous,True
rockhampton,Rockhampton,2,65,1888,1917,local,True
eshowe,Eshowe,3,65,1888,1910,local,True
cuyuni,Cuyuni,1,65,1896,1966,local,False
liberia,Liberia,8,65,1897,1956,ambiguous,False
rose_hill,Rose Hill,1,65,1898,1966,local,True
indo_mauritians,Indo-Mauritians,1,65,1905,1966,local,False
somaliland,Somaliland,9,65,1917,1963,ambiguous,True
mayaguana,Mayaguana,3,64,1867,1950,local,False
caribbee_islands,Caribbee Islands,4,64,1867,1948,local,True
st_domingo,St. Domingo,4,64,1880,1957,local,True
little_cayman,Little Cayman,2,64,1886,1966,local,False
victoria_harbour,Victoria Harbour,4,64,1889,1951,local,True
akwamu,Akwamu,4,64,1894,1950,local,False
iddo_island,Iddo Island,3,64,1896,1914,local,True
epe,Epe,3,64,1896,1914,local,False
bandarawela,Bandarawela,1,64,1898,1946,local,False
nile_valley,Nile Valley,4,64,1900,1951,local,True
tumpat,Tumpat,10,64,1918,1957,ambiguous,True
lighterage_department,Lighterage Department,3,64,1923,1940,local,False
north_carolina,North Carolina,4,63,1877,1966,local,False
gampola,Gampola,1,63,1880,1946,local,False
bird,Bird,3,63,1890,1966,local,False
port_swettenham,Port Swettenham,10,63,1906,1957,ambiguous,True
nyanza,Nyanza,5,63,1906,1963,local,False
rotuma,Rotuma,4,63,1908,1966,local,True
idutywa_reserve,Idutywa Reserve,2,62,1877,1922,local,False
sierra_leone_river,Sierra Leone River,2,62,1888,1957,local,True
sea_island,Sea Island,10,62,1896,1962,ambiguous,True
yoruba,Yoruba,4,62,1896,1960,local,False
bethlehem,Bethlehem,3,62,1899,1946,local,False
seria,Seria,1,62,1932,1963,local,True
aden_colony,Aden Colony,3,62,1940,1965,local,False
mount_adam,Mount Adam,2,61,1867,1962,local,True
the_rock,The Rock,1,61,1877,1966,local,False
yokohama,Yokohama,3,61,1877,1913,local,False
insolvency,Insolvency,4,61,1878,1917,local,False
the_seychelles_islands,The Seychelles Islands,2,61,1880,1966,local,True
burma,Burma,14,61,1888,1960,ambiguous,True
marampa,Marampa,2,61,1934,1960,local,True
st_george_ord,St. George Ord,10,60,1867,1965,ambiguous,True
st_catherine,St. Catherine,1,60,1888,1954,local,True
bay_settlement,Bay Settlement,3,60,1888,1966,local,True
eastern_district,Eastern District,16,60,1889,1950,ambiguous,True
the_harbour,The Harbour,7,60,1890,1964,ambiguous,True
barotseland,Barotseland,3,60,1900,1964,local,True
mosul,Mosul,2,60,1921,1932,local,False
rotterdam,Rotterdam,7,60,1921,1961,ambiguous,False
st_croix,St. Croix,12,59,1867,1946,ambiguous,True
the_district,The District,12,59,1878,1953,ambiguous,True
townsville,Townsville,3,59,1878,1917,local,True
western_atlantic_ocean,Western Atlantic Ocean,3,59,1883,1966,local,False
port_maria,Port Maria,2,59,1888,1961,local,True
klang,Klang,9,59,1888,1936,ambiguous,True
solomon_islands,Solomon Islands,8,59,1889,1963,ambiguous,True
st_lawrence,St. Lawrence,4,58,1867,1928,local,True
barra_point,Barra Point,2,58,1867,1965,local,False
the_cayman_islands,The Cayman Islands,2,58,1886,1951,local,True
ratnapura,Ratnapura,1,58,1888,1946,local,False
tai_po,Tai Po,1,58,1905,1966,local,False
antwerp,Antwerp,11,58,1905,1963,ambiguous,True
zanzibar_island,Zanzibar Island,1,58,1905,1963,local,True
lumbwa,Lumbwa,6,58,1906,1950,local,True
western_africa,Western Africa,6,57,1867,1950,local,True
st_patrick,St. Patrick,13,57,1879,1964,ambiguous,True
nawalapitiya,Nawalapitiya,2,57,1880,1946,local,False
champion_bay,Champion Bay,1,57,1888,1917,local,True
jollofs,Jollofs,2,57,1889,1940,local,False
barima_river,Barima River,1,57,1897,1951,local,True
tenom,Tenom,2,57,1905,1940,local,False
torres_islands,Torres Islands,5,57,1909,1966,local,True
jordan,Jordan,4,57,1921,1959,local,False
silhouette,Silhouette,4,56,1878,1966,local,False
oyster_creek,Oyster Creek,2,56,1879,1957,local,True
mullins_river,Mullins River,1,56,1888,1946,local,True
port_william,Port William,2,56,1888,1966,local,True
mah,Mah,2,56,1888,1966,local,True
nyasaland_protectorate,Nyasaland Protectorate,5,56,1905,1964,local,False
kowloon_peninsula,Kowloon Peninsula,1,56,1908,1966,local,True
port_alfred,Port Alfred,1,55,1877,1909,local,True
sandwich_islands,Sandwich Islands,6,55,1877,1963,local,True
bimini,Bimini,4,55,1883,1950,local,False
syracuse,Syracuse,2,55,1896,1964,local,False
jubaland,Jubaland,4,55,1900,1963,local,False
great_rift_valley,Great Rift Valley,4,55,1905,1964,local,True
somers_islands,Somers Islands,2,55,1910,1966,local,True
port_trust,Port Trust,3,55,1927,1958,local,True
gulf_of_carpentaria,Gulf of Carpentaria,4,54,1867,1917,local,True
carpentaria,Carpentaria,4,54,1867,1917,local,True
railway_receipts,Railway Receipts,1,54,1877,1936,local,False
knysna,Knysna,2,54,1888,1922,local,True
st_anne,St. Anne,3,54,1890,1966,local,True
sussex,Sussex,2,54,1894,1951,local,False
guernsey,Guernsey,3,54,1894,1950,local,False
kegalla,Kegalla,1,54,1897,1946,local,False
hart_bennett,Hart Bennett,3,54,1905,1966,local,False
rift_valley,Rift Valley,5,54,1906,1963,local,True
patriarch,Patriarch,1,54,1911,1951,local,False
banjola,Banjola,2,54,1913,1950,local,True
hong_kong_island,Hong Kong Island,1,54,1948,1966,local,True
berry_islands,Berry Islands,3,53,1867,1950,local,True
sandy,Sandy,4,53,1867,1951,local,False
canton_river,Canton River,1,53,1867,1951,local,True
scarborough_bay,Scarborough Bay,7,53,1867,1957,ambiguous,True
st_laurent,St. Laurent,4,53,1880,1951,local,True
the_bahamas,The Bahamas,3,53,1888,1950,local,False
rewa,Rewa,1,53,1888,1951,local,False
lake_bangweulu,Lake Bangweulu,2,53,1921,1964,local,True
shihir,Shihir,2,53,1939,1966,local,True
queenstown,Queenstown,4,52,1877,1933,local,False
village_councils,Village Councils,3,52,1877,1955,local,False
hindustan,Hindustan,1,52,1888,1946,local,False
green,Green,8,52,1888,1966,ambiguous,False
porto_novo,Porto Novo,3,52,1889,1914,trading_partner,True
curieuse,Curieuse,2,52,1890,1966,local,False
denis,Denis,2,52,1894,1966,local,False
selukwe,Selukwe,5,52,1896,1927,local,True
savage_island,Savage Island,5,52,1905,1924,local,True
somaliland_protectorate,Somaliland Protectorate,5,52,1905,1961,local,False
empty_quarter,Empty Quarter,2,52,1946,1966,local,False
cockscomb_mountains,Cockscomb Mountains,2,51,1877,1951,local,True
chili,Chili,5,51,1888,1929,local,True
the_maltese_islands,The Maltese Islands,1,51,1889,1951,local,True
pacific_islands,Pacific Islands,8,51,1894,1963,ambiguous,True
frigate,Frigate,1,51,1894,1966,local,False
pedro,Pedro,5,51,1900,1957,local,False
blue_mountain_range,Blue Mountain Range,1,51,1905,1940,local,False
niue,Niue,6,51,1905,1966,local,False
river_zambesi,River Zambesi,4,51,1905,1927,local,True
mount_elgon,Mount Elgon,4,51,1907,1962,local,True
buenos_aires,Buenos Aires,7,51,1922,1966,ambiguous,False
moreton_bay,Moreton Bay,4,50,1867,1917,local,True
from_kingston,From Kingston,1,50,1877,1951,local,False
krian_river,Krian River,9,50,1880,1940,ambiguous,True
singapore_island,Singapore Island,10,50,1888,1963,ambiguous,True
dindings,Dindings,4,50,1894,1940,local,False
mahu,Mahu,1,50,1905,1930,local,False
kotonu,Kotonu,3,50,1905,1951,local,True
liukung,Liukung,1,50,1905,1930,local,True
wodehouse,Wodehouse,4,49,1867,1951,local,True
point_palmyra,Point Palmyra,1,49,1867,1946,local,True
lord_elgin,Lord Elgin,1,49,1867,1940,local,False
bay_of_gibraltar,Bay of Gibraltar,1,49,1877,1951,local,True
dios,Dios,2,49,1877,1951,local,False
albion_island,Albion Island,2,49,1877,1951,local,True
st_phillip,St. Phillip,5,49,1877,1953,local,True
grand_river,Grand River,1,49,1878,1951,local,True
st_mark,St. Mark,8,49,1879,1948,ambiguous,True
keeling_islands,Keeling Islands,5,49,1880,1949,local,True
fort_george,Fort George,2,49,1883,1966,local,True
tasso,Tasso,2,49,1888,1951,local,False
ogbo,Ogbo,3,49,1889,1951,local,True
cerf,Cerf,2,49,1894,1966,local,False
fort_hall,Fort Hall,5,49,1906,1951,local,True
great_bahama,Great Bahama,1,48,1867,1940,local,False
lower_canada,Lower Canada,3,48,1867,1888,local,True
bass,Bass,3,48,1867,1917,local,False
courland_bay,Courland Bay,7,48,1867,1951,ambiguous,True
gracias,Gracias,2,48,1877,1951,local,False
denkera,Denkera,4,48,1877,1940,local,False
tavuni,Tavuni,1,48,1888,1933,local,False
port_herald,Port Herald,5,48,1896,1948,local,True
cominotto,Cominotto,2,48,1896,1964,local,False
south_shetlands,South Shetlands,3,48,1907,1966,local,False
river_benue,River Benue,1,48,1915,1951,local,True
rivers_niger,Rivers Niger,1,48,1915,1951,local,False
south_west_africa,South-West Africa,8,48,1917,1966,local,True
jordan_valley,Jordan Valley,1,48,1921,1946,local,True
the_aden_protectorate,The Aden Protectorate,2,48,1923,1962,local,False
acklin_island,Acklin Island,1,47,1877,1940,local,True
kadavu,Kadavu,1,47,1888,1950,local,False
papua,Papua,8,47,1889,1939,local,True
kilwa,Kilwa,9,47,1906,1961,ambiguous,True
south_arabia,South Arabia,1,47,1963,1966,local,True
mole_head,Mole Head,4,46,1867,1940,local,True
cape_comorin,Cape Comorin,1,46,1878,1950,local,True
pitcairn,Pitcairn,12,46,1878,1966,ambiguous,True
mount_gambier,Mount Gambier,1,46,1878,1917,local,True
stellenbosch,Stellenbosch,2,46,1883,1922,local,False
southern_caribbee_islands,Southern Caribbee Islands,8,46,1886,1957,ambiguous,True
river_there,River. There,3,46,1888,1951,local,True
elu,Elu,1,46,1888,1946,local,False
the_laccadive_islands,The Laccadive Islands,1,46,1888,1946,local,True
victoria_district,Victoria District,4,46,1888,1951,local,True
st_elizabeth,St. Elizabeth,1,46,1894,1954,local,True
western_akim,Western Akim,4,46,1894,1948,local,False
chacachacare,Chacachacare,3,46,1894,1952,local,False
papar,Papar,3,46,1896,1963,local,False
guadalcanal,Guadalcanal,3,46,1897,1963,local,True
manuae,Manuae,3,46,1905,1924,local,False
sea_cow_island,Sea Cow Island,1,46,1905,1966,local,True
the_amirantes,The Amirantes,1,46,1905,1966,local,False
alphonse_island,Alphonse Island,1,46,1905,1966,local,True
st_pierre_island,St. Pierre Island,1,46,1905,1966,local,True
pierre_island,Pierre Island,1,46,1905,1966,local,True
cosmoledo_group,Cosmoledo Group,1,46,1905,1966,local,False
astove_island,Astove Island,1,46,1905,1966,local,True
assumption_island,Assumption Island,1,46,1905,1966,local,True
shire_highlands,Shire Highlands,2,46,1908,1951,local,False
samarahan_river,Samarahan River,2,46,1908,1963,local,True
cocos_islands,Cocos Islands,6,46,1908,1963,local,True
farquhar_island,Farquhar Island,1,46,1924,1965,local,True
canterbury,Canterbury,3,45,1867,1922,local,True
improvement,Improvement,1,45,1880,1936,local,False
river_hondo,River Hondo,1,45,1883,1951,local,True
pieter_both,Pieter Both,1,45,1883,1950,local,False
piton,Piton,1,45,1883,1951,local,False
ambergris,Ambergris,1,45,1888,1951,local,False
fox_bay,Fox Bay,2,45,1898,1966,local,True
tambunan,Tambunan,2,45,1905,1963,local,False
south_orkneys,South Orkneys,3,45,1907,1966,local,False
shortland_island,Shortland Island,3,45,1908,1932,local,True
mempakul,Mempakul,2,45,1918,1940,local,False
st_salvador,St. Salvador,1,44,1867,1917,local,True
rio_grande,Rio Grande,3,44,1867,1951,local,True
cape_legislature,Cape Legislature,4,44,1877,1927,local,True
ceded_mile,Ceded Mile,2,44,1880,1965,local,False
morant_cays,Morant Cays,1,44,1888,1957,local,False
taprobane,Taprobane,1,44,1889,1946,local,False
krepi,Krepi,4,44,1894,1940,local,False
ningo,Ningo,4,44,1894,1940,local,False
vavau,Vavau,5,44,1894,1948,local,True
nyassaland,Nyassaland,11,44,1896,1954,ambiguous,True
uruguay,Uruguay,6,44,1898,1952,local,True
gambia_island,Gambia Island,1,44,1900,1960,local,True
gold_coast_ports,Gold Coast Ports,3,44,1920,1928,local,False
southern_ocean,Southern Ocean,2,43,1867,1917,local,False
savannah,Savannah,4,43,1877,1946,local,False
pouce,Pouce,1,43,1883,1950,local,False
casuarina,Casuarina,2,43,1888,1951,local,False
pandanus,Pandanus,2,43,1888,1951,local,False
turneffe,Turneffe,1,43,1889,1951,local,False
islas_malvinas,Islas Malvinas,2,43,1889,1951,local,False
bay_islands,Bay Islands,1,43,1894,1954,local,True
mount_st,Mount St,8,43,1894,1948,ambiguous,True
at_accra,At Accra,4,43,1896,1934,local,False
lamag,Lamag,2,43,1900,1940,local,False
malaita,Malaita,4,43,1906,1963,local,True
philippine_islands,Philippine Islands,4,43,1912,1950,local,True
haiti,Haiti,7,43,1912,1966,ambiguous,True
countries,Countries,11,42,1880,1964,ambiguous,True
sardinia,Sardinia,1,42,1883,1951,local,False
trieste,Trieste,4,42,1883,1940,local,True
fort_adelaide,Fort Adelaide,1,42,1883,1946,local,True
fourah_bay,Fourah Bay,3,42,1883,1965,local,True
port_mathurin,Port Mathurin,2,42,1888,1946,local,True
fellowship,Fellowship,2,42,1889,1951,local,False
dondra_head,Dondra Head,1,42,1889,1946,local,True
les_iles_malouines,Les Iles Malouines,2,42,1889,1951,local,False
blake,Blake,2,42,1894,1965,local,False
chang_district,Chang District,1,42,1920,1951,local,True
nchanga,Nchanga,1,42,1931,1952,local,False
kuria_muria_islands,Kuria Muria Islands,2,42,1946,1966,local,True
radio_hong_kong,Radio Hong Kong,1,42,1950,1966,local,False
caicos,Caicos,2,41,1867,1966,local,False
leckie,Leckie,4,41,1867,1910,local,False
fingoland,Fingoland,2,41,1877,1922,local,False
stewart,Stewart,5,41,1877,1922,local,False
cape_leeuwin,Cape Leeuwin,1,41,1888,1946,local,True
granada,Granada,3,41,1889,1940,local,True
round,Round,1,41,1889,1940,local,False
river_division,River Division,5,41,1889,1963,local,True
brunei_bay,Brunei Bay,9,41,1890,1951,ambiguous,True
kilifi,Kilifi,7,41,1890,1963,ambiguous,True
the_moslems,The Moslems,2,41,1894,1951,local,False
denis_island,Denis Island,1,41,1894,1951,local,True
bijoutier_island,Bijoutier Island,1,41,1905,1966,local,True
chilwa,Chilwa,3,41,1906,1961,local,False
railway_district,Railway District,1,41,1908,1940,local,True
bamenda_district,Bamenda District,1,41,1920,1951,local,True
urundi,Urundi,3,41,1920,1961,local,False
bay_college,Bay College,3,41,1939,1963,local,True
fort_marlborough,Fort Marlborough,3,40,1867,1940,local,True
biminis,Biminis,3,40,1877,1954,local,False
river_sarstoon,River Sarstoon,2,40,1877,1951,local,True
the_main_island,The Main Island,2,40,1883,1939,local,True
pedias,Pedias,1,40,1883,1950,local,False
at_famagusta,At Famagusta,1,40,1883,1951,local,False
port_st,Port St,2,40,1888,1922,local,True
cape_kormakiti,Cape Kormakiti,1,40,1888,1951,local,True
cooktown,Cooktown,5,40,1888,1917,local,True
acadians,Acadians,2,40,1894,1951,local,True
chama,Chama,4,40,1894,1933,local,False
the_ankobra_river,The Ankobra River,4,40,1894,1953,local,True
ikorodu,Ikorodu,4,40,1896,1960,local,False
busoga,Busoga,2,40,1900,1951,local,False
minuwangoda,Minuwangoda,1,40,1905,1946,local,False
penrhyn,Penrhyn,4,40,1905,1924,local,False
mlanje,Mlanje,3,40,1906,1964,local,False
kisimayu,Kisimayu,5,40,1906,1937,local,True
batang_padang,Batang Padang,5,40,1906,1936,local,True
akaba,Akaba,3,40,1921,1940,local,True
essequibo_river,Essequibo River,1,40,1925,1951,local,True
crater,Crater,2,40,1946,1966,local,True
santa_cruz,Santa Cruz,6,39,1867,1963,local,True
new_river,New River,2,39,1867,1951,local,True
drakensberg_mountains,Drakensberg Mountains,5,39,1877,1922,local,True
carpas_mountains,Carpas Mountains,1,39,1883,1950,local,True
kyrenia_mountains,Kyrenia Mountains,1,39,1883,1951,local,True
koro,Koro,1,39,1889,1951,local,False
sigatoka,Sigatoka,1,39,1889,1950,local,False
in_vanua_levu,In Vanua Levu,1,39,1889,1951,local,False
rejang_river,Rejang River,2,39,1894,1963,local,True
ebute_metta,Ebute Metta,3,39,1896,1949,local,False
river_ribbi,River Ribbi,1,39,1900,1951,local,True
ijebu_ode,Ijebu-Ode,3,39,1905,1951,local,False
pomeroon_river,Pomeroon River,1,39,1925,1966,local,True
deception_island,Deception Island,3,39,1929,1966,local,True
kagera_river,Kagera River,7,39,1931,1951,ambiguous,True
simon,Simon,1,38,1867,1909,local,True
worcester,Worcester,1,38,1877,1909,local,False
direction,Direction,4,38,1878,1966,local,False
the_dindings,The Dindings,4,38,1883,1934,local,False
fingoes,Fingoes,1,38,1888,1909,local,False
bay_of_morphou,Bay of Morphou,1,38,1888,1951,local,True
aldabra,Aldabra,2,38,1894,1965,local,False
reggio,Reggio,1,38,1896,1951,local,False
black_volta_river,Black Volta River,5,38,1899,1949,local,True
tuaran,Tuaran,2,38,1905,1963,local,False
riseley_griffith,Riseley Griffith,1,38,1905,1951,local,False
eleutherian_islands,Eleutherian Islands,4,38,1918,1966,local,True
nazareth,Nazareth,1,38,1921,1946,local,False
indonesia,Indonesia,8,38,1949,1964,ambiguous,True
lord_lisgar,Lord Lisgar,4,37,1877,1920,local,False
maryborough,Maryborough,3,37,1878,1917,local,True
deep_river,Deep River,1,37,1883,1940,local,True
somerset_east,Somerset East,1,37,1883,1909,local,False
fortune_bay,Fortune Bay,1,37,1883,1927,local,True
gladstone,Gladstone,2,37,1883,1917,local,False
appa,Appa,4,37,1886,1951,local,True
assiniboia,Assiniboia,3,37,1888,1922,local,False
banana,Banana,2,37,1888,1951,local,False
turtle,Turtle,2,37,1888,1951,local,False
pahang_river,Pahang River,5,37,1890,1936,local,True
roaring_river,Roaring River,1,37,1894,1946,local,True
loughlin,Loughlin,7,37,1894,1966,ambiguous,False
bocas_islands,Bocas Islands,3,37,1894,1951,local,True
ruatan,Ruatan,4,37,1896,1954,local,True
rotuman,Rotuman,4,37,1900,1966,local,True
port_florence,Port Florence,3,37,1905,1924,local,True
akim_abuakwa,Akim Abuakwa,3,37,1908,1948,local,False
baram_river,Baram River,3,37,1908,1963,local,True
orthodox,Orthodox,1,37,1923,1946,local,False
gilbert_islands,Gilbert Islands,6,37,1924,1963,local,True
west_suk,West Suk,3,37,1925,1951,local,False
barraconda,Barraconda,2,36,1867,1949,local,False
westland,Westland,1,36,1877,1922,local,True
south_island,South Island,1,36,1877,1922,local,True
kangaroo_island,Kangaroo Island,1,36,1878,1917,local,True
charters_towers,Charters Towers,3,36,1879,1917,local,True
fort_beaufort,Fort Beaufort,1,36,1883,1927,local,True
mesaoria,Mesaoria,1,36,1883,1959,local,False
isle_of_wight,Isle of Wight,3,36,1886,1951,local,True
plantain,Plantain,2,36,1888,1951,local,False
portendic,Portendic,2,36,1889,1950,local,True
cape_drepano,Cape Drepano,1,36,1890,1950,local,True
kwitta,Kwitta,4,36,1894,1908,local,False
isle_of_man,Isle of Man,1,36,1896,1951,local,True
stann_creek_district,Stann Creek District,1,36,1900,1966,local,True
grand_river_south,Grand River South,1,36,1905,1951,local,True
marudu_bay,Marudu Bay,2,36,1905,1940,local,True
seychelles_government,Seychelles Government,1,36,1905,1951,local,False
togo,Togo,4,36,1906,1940,local,True
choiseul,Choiseul,4,36,1909,1963,local,True
upper_river,Upper River,3,36,1910,1950,local,True
grand_falls,Grand Falls,1,36,1911,1927,local,True
lake_rudolf,Lake Rudolf,2,36,1915,1963,local,True
batu_pahat,Batu Pahat,5,36,1918,1936,trading_partner,True
safad,Safad,1,36,1923,1946,local,False
keningau,Keningau,1,36,1928,1963,local,False
the_cape_colony,The Cape Colony,1,35,1867,1909,local,False
otago,Otago,1,35,1867,1922,local,True
karamania,Karamania,1,35,1883,1951,local,False
noire,Noire,1,35,1883,1940,local,False
the_orange_free,The Orange Free,4,35,1888,1927,local,False
mount_ayliff,Mount Ayliff,2,35,1888,1922,local,True
santa_croce,Santa Croce,1,35,1888,1939,local,True
venus,Venus,2,35,1888,1923,local,False
observatory,Observatory,3,35,1888,1961,local,False
esperance,Esperance,2,35,1890,1922,local,False
venezuelans,Venezuelans,1,35,1896,1930,local,False
avarua,Avarua,4,35,1900,1924,local,False
fort_kykoveral,Fort Kykoveral,1,35,1905,1951,local,True
montagne_longue,Montagne Longue,1,35,1906,1951,local,True
st_francois_island,St. Francois Island,1,35,1906,1966,local,True
francois_island,Francois Island,1,35,1906,1966,local,True
bremen,Bremen,6,35,1907,1963,local,False
low_veld,Low Veld,1,35,1908,1927,local,False
lau_islands,Lau Islands,1,35,1909,1951,local,True
narok,Narok,6,35,1920,1951,local,True
gilbertese,Gilbertese,6,35,1920,1966,local,True
mesopotamia,Mesopotamia,2,35,1921,1951,local,True
kurdish,Kurdish,2,35,1921,1932,local,False
property_tax,Property Tax,2,35,1954,1966,local,False
river_volta,River Volta,3,34,1867,1956,local,True
heligoland,Heligoland,3,34,1867,1951,local,True
santa_maria,Santa Maria,5,34,1877,1966,local,True
deli,Deli,3,34,1877,1932,local,True
great_fish_river,Great Fish River,1,34,1878,1909,local,True
kei_river,Kei River,1,34,1878,1909,local,True
provincial_road_committees,Provincial Road Committees,1,34,1878,1925,local,False
bechuana,Bechuana,9,34,1878,1966,ambiguous,True
ottoman_turks,Ottoman Turks,1,34,1883,1951,local,False
hattana,Hattana,1,34,1888,1940,local,False
port_victoria,Port Victoria,3,34,1888,1966,local,True
ipswich,Ipswich,2,34,1888,1917,local,False
river_ruo,River Ruo,5,34,1896,1951,local,True
sembilan_islands,Sembilan Islands,3,34,1896,1940,local,True
illorin,Illorin,3,34,1900,1914,local,False
ellice_islands,Ellice Islands,8,34,1900,1966,ambiguous,True
kowloon_city,Kowloon City,1,34,1905,1949,local,False
loangwa_river,Loangwa River,3,34,1906,1951,local,True
the_cayo,The Cayo,1,34,1906,1921,local,False
port_dickson,Port Dickson,8,34,1906,1951,ambiguous,True
vila,Vila,6,34,1909,1963,local,True
langkawi,Langkawi,6,34,1918,1936,local,True
malayan_union,Malayan Union,6,34,1946,1957,local,True
port_jackson,Port Jackson,4,33,1867,1917,local,True
federal_colony,Federal Colony,3,33,1877,1930,local,False
colombo_harbour,Colombo Harbour,1,33,1878,1940,local,True
gau,Gau,1,33,1888,1936,local,False
botany_bay,Botany Bay,5,33,1888,1917,local,True
toowoomba,Toowoomba,2,33,1888,1917,local,False
kong_mountains,Kong Mountains,4,33,1889,1932,local,True
cape_guardafui,Cape Guardafui,4,33,1894,1960,local,True
la_linea,La Linea,1,33,1894,1951,local,True
opobo_river,Opobo River,5,33,1894,1914,local,True
agbosome,Agbosome,4,33,1894,1939,local,False
iddo,Iddo,4,33,1897,1951,local,False
kamerun,Kamerun,4,33,1900,1922,local,True
kiragba,Kiragba,1,33,1900,1951,local,False
ankobra,Ankobra,3,33,1905,1939,local,False
river_district,River District,7,33,1905,1949,ambiguous,True
the_windward_islands,The Windward Islands,5,33,1905,1957,local,True
vintang_creek,Vintang Creek,2,33,1910,1932,local,True
brefet,Brefet,2,33,1917,1950,local,False
tampa,Tampa,3,33,1933,1966,local,False
gulf_of_aden,Gulf of Aden,4,33,1939,1966,local,True
bahamas_government,Bahamas Government,5,33,1946,1966,local,False
castries,Castries,6,32,1867,1966,local,True
graham,Graham,4,32,1877,1921,local,False
st_nazaire,St. Nazaire,4,32,1879,1949,local,True
ord,Ord,4,32,1879,1939,local,False
in_barbados,In Barbados,3,32,1888,1962,local,False
montsioa,Montsioa,1,32,1889,1894,local,False
st_augustine,St. Augustine,7,32,1889,1960,ambiguous,True
calocasia,Calocasia,1,32,1889,1939,local,False
stonecutter,Stonecutter,1,32,1889,1939,local,False
mandingoes,Mandingoes,3,32,1889,1965,local,False
mombassa,Mombassa,5,32,1890,1939,trading_partner,True
macaulay,Macaulay,3,32,1894,1924,local,False
praya_west_reclamation,Praya West Reclamation,1,32,1905,1940,local,False
west_river,West River,1,32,1905,1940,local,True
lakes_chiuta,Lakes Chiuta,3,32,1906,1951,local,False
juba_river,Juba River,4,32,1906,1963,local,True
the_fishery_harbour,The Fishery Harbour,1,32,1906,1940,local,True
othello,Othello,1,32,1906,1951,local,False
trans_volta_district,Trans-Volta District,4,32,1906,1940,local,True
mbandini,Mbandini,1,32,1908,1927,local,False
headquarters_district,Headquarters District,1,32,1910,1951,local,True
lower_river,Lower River,3,32,1910,1954,local,True
somalia,Somalia,5,32,1914,1963,local,True
rio_claro,Rio Claro,4,32,1918,1951,local,True
twisleton_wykeham_fiennes,Twisleton-Wykeham-Fiennes,1,32,1919,1966,local,False
ruanda,Ruanda,3,32,1920,1961,local,False
port_egmont,Port Egmont,2,32,1922,1966,local,True
ruanda_urundi,Ruanda-Urundi,3,32,1946,1961,local,True
lake_kyoga,Lake Kyoga,2,32,1949,1962,local,True
gulf_of_st,Gulf of St,1,31,1867,1927,local,True
paarl,Paarl,1,31,1877,1909,local,False
port_nolloth,Port Nolloth,2,31,1877,1913,local,True
milan,Milan,2,31,1877,1959,local,False
hennessy,Hennessy,4,31,1883,1966,local,False
idalia,Idalia,1,31,1888,1934,local,False
mount_albert_edward,Mount Albert Edward,2,31,1890,1917,local,True
fort_rosebery,Fort Rosebery,3,31,1896,1952,local,True
dusuns,Dusuns,4,31,1896,1961,local,False
shark_bay,Shark Bay,1,31,1897,1917,local,True
enkeldoorn,Enkeldoorn,4,31,1898,1927,local,False
river_south,River South,1,31,1905,1940,local,True
imo,Imo,3,31,1905,1951,local,False
tana_river,Tana River,4,31,1906,1963,local,True
embu,Embu,4,31,1909,1951,local,False
port_the,Port. The,1,31,1911,1951,local,True
sugar_loaf,Sugar Loaf,1,31,1911,1951,local,False
gulu,Gulu,5,31,1918,1962,local,False
trans_nzoia,Trans Nzoia,2,31,1922,1959,local,False
woermann_linie,Woermann-Linie,3,31,1925,1939,local,False
point_fortin,Point Fortin,3,31,1928,1951,local,True
mbarara,Mbarara,2,31,1932,1962,local,False
shihr,Shihr,2,31,1939,1964,local,True
stann_creek_valley,Stann Creek Valley,1,31,1953,1966,local,True
cape_breton,Cape Breton,3,30,1867,1922,local,True
cape_york,Cape York,2,30,1877,1917,local,True
port_lincoln,Port Lincoln,1,30,1877,1917,local,True
head_mistress,Head Mistress,6,30,1883,1939,local,False
rode_valley,Rode Valley,2,30,1888,1922,local,True
leopard,Leopard,3,30,1888,1934,local,False
cape_pembroke,Cape Pembroke,1,30,1889,1928,local,True
klip_river,Klip River,1,30,1889,1927,local,True
st_eustatius,St. Eustatius,3,30,1889,1930,local,True
saba,Saba,3,30,1889,1930,local,False
st_bartholomew,St. Bartholomew,3,30,1889,1930,local,True
mount_victoria,Mount Victoria,3,30,1890,1951,local,True
preston,Preston,4,30,1890,1961,local,False
peak,Peak,3,30,1894,1966,local,False
mauke,Mauke,3,30,1894,1924,local,False
guayana,Guayana,1,30,1896,1930,local,True
st_hilda,St. Hilda,1,30,1897,1932,local,True
schomburgk,Schomburgk,1,30,1897,1930,local,False
kabba,Kabba,2,30,1900,1952,local,False
river_shashi,River Shashi,4,30,1905,1927,local,True
packet_co,Packet Co,4,30,1907,1929,local,False
civil_district,Civil District,4,30,1908,1940,local,True
brunei_river,Brunei River,2,30,1908,1951,local,True
moore_town,Moore Town,1,30,1910,1951,local,False
washington_islands,Washington Islands,5,30,1917,1963,local,True
at_colombo,At Colombo,1,30,1919,1946,local,False
islands_protectorate,Islands Protectorate,4,30,1920,1966,local,False
gulf_of_akaba,Gulf of Akaba,3,30,1921,1940,local,True
nativity,Nativity,1,30,1923,1946,local,False
lydda,Lydda,3,30,1923,1951,local,False
zambezi_river,Zambezi River,1,30,1925,1962,local,True
business_profits_tax,Business Profits Tax,2,30,1954,1966,local,False
interest_tax,Interest Tax,2,30,1954,1966,local,False
upper_canada,Upper Canada,3,29,1867,1886,local,True
pigeon_island,Pigeon Island,7,29,1867,1948,local,True
hobart_town,Hobart Town,2,29,1867,1883,local,True
auckland_isles,Auckland Isles,1,29,1877,1922,local,False
grafton,Grafton,3,29,1878,1917,local,False
south_sea_islands,South Sea Islands,2,29,1878,1922,local,True
cape_division,Cape Division,1,29,1883,1909,local,True
conception_bay,Conception Bay,1,29,1883,1927,local,True
little_bay,Little Bay,1,29,1883,1927,local,True
canary_islands,Canary Islands,7,29,1886,1940,ambiguous,True
river_corentyne,River Corentyne,1,29,1888,1930,local,True
nearly,Nearly,1,29,1888,1925,local,False
hervey_islands,Hervey Islands,5,29,1890,1924,local,True
san_cristoval,San Cristoval,4,29,1894,1948,local,True
melsetter,Melsetter,4,29,1898,1927,local,False
kameruns,Kameruns,4,29,1900,1921,local,False
foulahs,Foulahs,2,29,1900,1924,local,False
pamban_channel,Pamban Channel,1,29,1905,1946,local,True
tongareva,Tongareva,2,29,1905,1924,local,False
luangwa_river,Luangwa River,4,29,1905,1964,local,True
swahilis,Swahilis,4,29,1906,1951,local,False
esikuma,Esikuma,3,29,1906,1940,local,False
shire_valley,Shire Valley,3,29,1907,1960,local,True
river_their,River. Their,2,29,1910,1950,local,True
mamelles_island,Mamelles Island,1,29,1912,1948,local,True
bukuru,Bukuru,1,29,1915,1954,local,True
umba_river,Umba River,7,29,1922,1951,local,True
kenya_annexation_order,Kenya Annexation Order,3,29,1922,1963,local,False
kowloon_bay,Kowloon Bay,1,29,1923,1966,local,True
east_falkland_island,East Falkland Island,2,29,1924,1951,local,True
west_falkland_island,West Falkland Island,2,29,1924,1951,local,True
port_loko,Port Loko,1,29,1928,1955,local,True
kajiado,Kajiado,4,29,1930,1963,local,False
perim_island,Perim Island,2,29,1946,1966,local,True
stonecutters_island,Stonecutters Island,1,29,1948,1966,local,True
port_authority,Port Authority,2,29,1957,1966,local,True
bay_the,Bay. The,9,28,1867,1961,ambiguous,True
chatham_isles,Chatham Isles,1,28,1877,1922,local,False
hongkong,Hongkong,10,28,1877,1966,ambiguous,True
river_in,River. In,3,28,1878,1963,local,True
port_chalmers,Port Chalmers,1,28,1883,1922,local,True
nain,Nain,3,28,1886,1955,local,True
arrack,Arrack,2,28,1888,1940,local,False
saint_croix,Saint Croix,3,28,1888,1925,local,True
greenough,Greenough,1,28,1888,1917,local,False
northern_islands,Northern Islands,7,28,1889,1933,ambiguous,True
tufel,Tufel,3,28,1890,1939,local,False
bonny_river,Bonny River,2,28,1894,1951,local,True
the_harmattan,The Harmattan,4,28,1894,1950,local,False
mount_everard,Mount Everard,1,28,1897,1930,local,True
army_funds,Army Funds,1,28,1899,1939,local,False
lahadu,Lahadu,5,28,1900,1951,local,False
balambangan,Balambangan,3,28,1905,1940,local,True
the_commonwealth,The Commonwealth,6,28,1905,1927,local,False
st_barnabas,St. Barnabas,2,28,1906,1951,local,True
hatton_dickoya,Hatton Dickoya,1,28,1907,1934,local,False
indo_mauritian,Indo-Mauritian,1,28,1907,1956,local,False
ajumako,Ajumako,2,28,1907,1940,local,False
akim_kotoku,Akim Kotoku,3,28,1908,1940,local,False
quarry_bay,Quarry Bay,1,28,1908,1940,local,True
hill_station,Hill Station,2,28,1910,1934,local,False
christmas_island_phosphate,Christmas Island Phosphate,4,28,1911,1957,local,False
port_of_colombo,Port of Colombo,1,28,1914,1940,local,True
ranau,Ranau,2,28,1918,1963,local,False
sierra_leone_peninsula,Sierra Leone Peninsula,1,28,1925,1960,local,True
moroto,Moroto,5,28,1929,1962,local,False
fijian_development_fund,Fijian Development Fund,4,28,1953,1966,local,False
keppel_harbour,Keppel Harbour,3,28,1953,1963,local,True
river_st,River St,2,27,1877,1922,local,True
ordinances_no,Ordinances No,4,27,1886,1940,local,False
smyrna,Smyrna,1,27,1888,1925,local,True
toledo_district,Toledo District,1,27,1889,1962,local,True
port_of_st,Port of St,6,27,1889,1937,local,True
murray_river,Murray River,1,27,1889,1917,local,True
fort_junction,Fort Junction,2,27,1894,1925,local,True
fort_johnston,Fort Johnston,5,27,1896,1952,local,True
saint_james,Saint James,1,27,1896,1928,local,True
franklin,Franklin,4,27,1897,1922,local,True
mano_river,Mano River,1,27,1900,1951,local,True
san_jorge,San Jorge,3,27,1905,1933,local,True
fort_great_fredericksburg,Fort Great Fredericksburg,3,27,1905,1933,local,True
sweet_river,Sweet River,3,27,1905,1933,local,True
assen,Assen,3,27,1907,1940,local,False
litt,Litt,7,27,1908,1952,ambiguous,False
st_johnston,St. Johnston,5,27,1908,1951,local,True
banks_islands,Banks Islands,4,27,1909,1957,local,True
the_archbishop,The Archbishop,3,27,1910,1948,local,False
south_kavirondo,South Kavirondo,4,27,1910,1949,local,False
emperor_zeno,Emperor Zeno,1,27,1911,1951,local,False
antioch,Antioch,1,27,1911,1951,local,False
the_jolas,The Jolas,2,27,1913,1950,local,False
toddy_rents,Toddy Rents,1,27,1914,1940,local,False
cape_twelve,Cape. Twelve,1,27,1915,1951,local,True
registry,Registry,5,27,1917,1951,local,True
river_jordan,River Jordan,3,27,1921,1946,local,True
huni_valley,Huni Valley,3,27,1922,1956,local,True
saunders_island,Saunders Island,2,27,1929,1966,local,True
roan_antelope,Roan Antelope,1,27,1929,1952,local,False
hadhramaut,Hadhramaut,1,27,1936,1952,local,True
fula,Fula,3,27,1936,1965,local,False
bases,Bases,3,27,1953,1966,local,False
rocky_mountains,Rocky Mountains,2,26,1867,1909,local,True
dublin,Dublin,10,26,1877,1933,ambiguous,False
forest_hill,Forest Hill,2,26,1877,1917,local,True
gympie,Gympie,2,26,1878,1917,local,False
st_malo,St. Malo,1,26,1888,1927,local,True
tongaland,Tongaland,4,26,1888,1927,local,True
mitre_rock,Mitre Rock,2,26,1889,1917,local,False
anticosti,Anticosti,2,26,1889,1922,local,True
cape_ray,Cape Ray,1,26,1889,1927,local,True
st_barbe,St. Barbe,1,26,1890,1927,local,True
sarawak_river,Sarawak River,3,26,1894,1963,local,True
mount_hampden,Mount Hampden,5,26,1896,1927,local,True
ellice_groups,Ellice Groups,4,26,1897,1950,local,False
martens,Martens,1,26,1900,1930,local,False
komenda,Komenda,4,26,1900,1950,local,False
the_sherbro_district,The Sherbro District,1,26,1900,1924,local,True
monrovia,Monrovia,4,26,1905,1954,local,False
tunghi_bay,Tunghi Bay,1,26,1905,1951,local,True
kasempa,Kasempa,5,26,1907,1952,local,False
sio_river,Sio River,1,26,1907,1940,local,True
hlatikulu,Hlatikulu,1,26,1908,1966,local,False
zanzibar_town,Zanzibar Town,1,26,1909,1963,local,False
leicester_mountains,Leicester Mountains,1,26,1911,1940,local,True
hondo_river,Hondo River,1,26,1912,1950,local,True
orange_walk_district,Orange Walk District,1,26,1913,1966,local,True
lake_edward,Lake Edward,2,26,1917,1951,local,True
lakes_victoria,Lakes Victoria,5,26,1917,1954,local,False
corozal_district,Corozal District,1,26,1921,1966,local,True
palestine_government,Palestine Government,1,26,1923,1946,local,False
fernando_po,Fernando Po,3,26,1928,1960,local,True
river_they,River. They,7,25,1877,1931,ambiguous,True
port_pirie,Port Pirie,1,25,1877,1917,local,True
stanthorpe,Stanthorpe,2,25,1878,1917,local,False
noman,Noman,2,25,1883,1920,local,False
cedet_mile,Cedet Mile,2,25,1883,1936,local,False
berea_mountain,Berea Mountain,2,25,1888,1927,local,True
ktima,Ktima,1,25,1888,1959,local,False
yellaboi,Yellaboi,1,25,1888,1924,local,False
zambesi_river,Zambesi River,6,25,1889,1948,local,True
woodlark,Woodlark,2,25,1889,1917,local,False
yule_island,Yule Island,2,25,1894,1917,local,True
lower_wassaw,Lower Wassaw,4,25,1894,1925,local,False
the_cook_islands,The Cook Islands,4,25,1894,1924,local,True
mount_margaret,Mount Margaret,1,25,1898,1917,local,True
venezuela_point_barima,Venezuela Point Barima,1,25,1905,1930,local,False
point_barima,Point Barima,1,25,1905,1930,local,True
upper_takutu,Upper Takutu,1,25,1905,1930,local,False
vanga,Vanga,4,25,1905,1963,local,False
adamawa,Adamawa,2,25,1905,1952,local,False
nogal_valley,Nogal Valley,3,25,1905,1937,local,True
princes_river,Princes River,3,25,1905,1933,local,True
nightingale_islands,Nightingale Islands,3,25,1905,1952,local,True
gallas,Gallas,4,25,1906,1939,local,False
cayo_district,Cayo District,1,25,1907,1962,local,True
iwo,Iwo,3,25,1910,1960,local,False
direction_island,Direction Island,2,25,1911,1940,local,True
stavrovouni,Stavrovouni,1,25,1913,1951,local,False
kwa_ibo,Kwa-Ibo,1,25,1915,1951,local,False
western_sudan,Western Sudan,2,25,1915,1951,local,False
lombard_street,Lombard Street,4,25,1918,1951,local,False
cargo_steamers,Cargo Steamers,3,25,1920,1934,local,False
the_cameroons,The Cameroons,2,25,1920,1961,local,False
suk,Suk,2,25,1928,1951,local,False
thailand,Thailand,6,25,1940,1963,local,True
bruce,Bruce,4,24,1867,1966,local,False
arrack_rents,Arrack Rents,1,24,1877,1913,local,False
belmore,Belmore,4,24,1878,1961,local,False
lake_antoine,Lake Antoine,6,24,1879,1948,local,True
gulf_line,Gulf Line,5,24,1880,1963,local,True
st_andrews,St. Andrews,3,24,1886,1946,local,True
trobriand,Trobriand,2,24,1889,1917,local,False
arctic,Arctic,2,24,1889,1922,local,False
gulf_ports_line,Gulf Ports Line,3,24,1889,1924,local,True
battle_harbour,Battle Harbour,1,24,1890,1927,local,True
atabubu,Atabubu,3,24,1894,1922,local,False
buluwayo,Buluwayo,4,24,1896,1922,local,False
lake_mweru,Lake Mweru,6,24,1896,1964,local,True
pokra,Pokra,3,24,1896,1914,local,True
river_it,River. It,2,24,1899,1966,local,True
bay_there,Bay. There,7,24,1899,1965,ambiguous,True
north_west_district,North-West District,3,24,1899,1952,local,True
venezuelan_governments,Venezuelan Governments,1,24,1905,1930,local,False
ireng,Ireng,1,24,1905,1930,local,False
bruneis,Bruneis,2,24,1905,1951,local,False
fort_dorothea,Fort Dorothea,3,24,1905,1932,local,True
puruni_river,Puruni River,1,24,1906,1952,local,True
middle_veld,Middle Veld,1,24,1908,1927,local,False
kwang,Kwang,1,24,1914,1940,local,True
sahara_desert,Sahara Desert,1,24,1915,1951,local,False
niger_cross_river,Niger-Cross River,1,24,1915,1951,local,True
river_expedition,River Expedition,1,24,1915,1951,local,True
port_of_spain_board_ordinance,Port of Spain Board Ordinance,4,24,1915,1948,local,True
spain_board_ordinance,Spain Board Ordinance,4,24,1915,1948,local,True
port_of_spain_town_board,Port of Spain Town Board,4,24,1915,1948,local,True
spain_town_board,Spain Town Board,4,24,1915,1948,local,True
ewe,Ewe,2,24,1928,1950,local,False
isiolo,Isiolo,3,24,1932,1951,local,False
ruba,Ruba,2,24,1946,1966,local,False
masindi_port,Masindi Port,5,24,1946,1962,local,True
iban,Iban,1,24,1948,1963,local,False
saldanha_bay,Saldanha Bay,1,23,1867,1909,local,True
port_of_durban,Port of Durban,1,23,1877,1910,local,True
ravenswood,Ravenswood,2,23,1883,1917,local,True
river_murray,River Murray,3,23,1889,1917,local,True
appolonia,Appolonia,4,23,1889,1920,local,False
owen_stanley_range,Owen Stanley Range,2,23,1890,1917,local,False
cape_john,Cape John,1,23,1890,1927,local,True
croydon,Croydon,3,23,1890,1917,local,True
pine_creek,Pine Creek,5,23,1890,1920,local,True
avalon,Avalon,1,23,1894,1927,local,True
tilt_cove,Tilt Cove,1,23,1894,1927,local,True
exploits_river,Exploits River,1,23,1894,1927,local,True
negapatam,Negapatam,3,23,1894,1925,local,True
good_hope_island,Good Hope Island,4,23,1894,1940,local,True
bell_island,Bell Island,2,23,1897,1927,local,True
eldorado,Eldorado,1,23,1897,1951,local,True
mira_bay,Mira Bay,1,23,1900,1940,local,True
wei,Wei,3,23,1900,1929,local,True
trusan_river,Trusan River,3,23,1905,1963,local,True
nyando_valley,Nyando Valley,1,23,1905,1930,local,True
stone,Stone,2,23,1905,1966,local,False
manding,Manding,2,23,1910,1950,local,False
birrim_district,Birrim District,3,23,1910,1934,trading_partner,True
benque_viejo,Benque Viejo,1,23,1911,1951,local,False
the_cypriote_church,The Cypriote Church,1,23,1911,1940,local,False
moyale,Moyale,4,23,1911,1951,local,False
cecil_gwyn,Cecil Gwyn,2,23,1912,1924,local,False
bajana,Bajana,2,23,1917,1950,local,False
sulu_islands,Sulu Islands,1,23,1919,1963,local,True
lake_of_tiberias,Lake of Tiberias,1,23,1921,1946,local,True
esdraelon,Esdraelon,1,23,1921,1946,local,False
passenger,Passenger,3,23,1922,1940,local,False
mons,Mons,4,23,1922,1952,local,True
borg_olivier,Borg Olivier,3,23,1922,1964,local,False
avonmouth,Avonmouth,4,23,1925,1951,local,True
the_tonga,The Tonga,3,23,1948,1966,local,False
malaysia,Malaysia,6,23,1950,1964,local,False
hudson_bay,Hudson Bay,3,22,1867,1922,local,True
sangemankande,Sangemankande,1,22,1867,1922,local,False
bowen,Bowen,3,22,1867,1965,local,True
see_leeward_islands,See Leeward Islands,12,22,1877,1886,ambiguous,True
cairns,Cairns,3,22,1877,1917,local,True
the_orange_river,The Orange River,3,22,1883,1910,local,True
middle_island,Middle Island,1,22,1883,1907,local,True
kermadec_islands,Kermadec Islands,1,22,1888,1922,local,True
malden_island,Malden Island,5,22,1890,1963,local,True
point_in,Point. In,2,22,1890,1940,local,True
mount_william,Mount William,2,22,1894,1917,local,True
daru,Daru,3,22,1896,1951,local,True
lake_nyassa,Lake Nyassa,7,22,1896,1934,ambiguous,True
ranfurly,Ranfurly,4,22,1897,1966,local,False
clement,Clement,4,22,1897,1951,local,False
wenamu,Wenamu,1,22,1900,1930,local,False
government_stations,Government Stations,2,22,1905,1927,local,False
macusis,Macusis,1,22,1905,1929,local,False
loyi,Loyi,3,22,1905,1951,local,False
elgon,Elgon,5,22,1906,1963,local,False
the_highlands,The Highlands,3,22,1909,1959,local,False
cape_australia,Cape-Australia,2,22,1911,1940,local,False
river_railway_viaduct,River Railway Viaduct,1,22,1915,1940,local,True
congo_river,Congo River,1,22,1915,1949,local,True
northern_sherbro_district,Northern Sherbro District,1,22,1915,1934,local,True
orthodox_eastern_church,Orthodox Eastern Church,1,22,1917,1951,local,False
mafia,Mafia,6,22,1923,1961,local,True
river_yarmuk,River Yarmuk,1,22,1924,1937,local,True
tasso_island,Tasso Island,1,22,1925,1960,local,True
flint_island,Flint Island,3,22,1927,1963,local,True
oxford_university_press,Oxford University Press,2,22,1927,1951,local,False
karachi,Karachi,4,22,1931,1956,local,False
aqaba,Aqaba,1,22,1933,1946,local,True
the_western_aden,The Western Aden,2,22,1939,1962,local,False
nilotic,Nilotic,2,22,1946,1951,local,False
port_lockroy,Port Lockroy,3,22,1956,1966,local,True
vere,Vere,2,21,1867,1917,local,True
cape_in,Cape. In,1,21,1877,1909,local,True
the_transvaal,The Transvaal,4,21,1878,1913,local,False
buffalo_river,Buffalo River,3,21,1880,1922,local,True
swan_river,Swan River,1,21,1888,1917,local,True
new_republic,New Republic,3,21,1888,1910,local,False
alaska,Alaska,2,21,1889,1922,local,False
greenland,Greenland,2,21,1889,1922,local,False
st_lawrence_river,St. Lawrence River,2,21,1889,1922,local,True
lawrence_river,Lawrence River,2,21,1889,1922,local,True
bethuk,Bethuk,1,21,1889,1919,local,False
san_estevan,San Estevan,1,21,1890,1920,local,True
mitiaro,Mitiaro,3,21,1890,1922,local,False
pitt,Pitt,1,21,1890,1922,local,False
amatongaland,Amatongaland,4,21,1890,1908,local,True
the_bay_islands,The Bay Islands,1,21,1894,1921,local,True
gloucestershire,Gloucestershire,1,21,1894,1921,local,False
oregon,Oregon,1,21,1894,1921,local,True
the_limbang_river,The Limbang River,2,21,1894,1940,local,True
mount_macedon,Mount Macedon,1,21,1894,1917,local,True
kiriwina,Kiriwina,2,21,1896,1917,local,False
cape_government_railways,Cape Government Railways,2,21,1896,1913,local,True
caribbean_islands,Caribbean Islands,1,21,1897,1951,local,True
yukon,Yukon,2,21,1898,1922,local,False
muri,Muri,2,21,1900,1927,local,False
cotinga,Cotinga,1,21,1905,1930,local,False
muruts,Muruts,3,21,1905,1961,local,False
sandakan_bay,Sandakan Bay,2,21,1905,1934,local,True
soufri,Soufri,5,21,1909,1966,local,True
bocas,Bocas,4,21,1911,1936,local,False
can,Can,6,21,1912,1962,local,False
mt_ruwenzori,Mt. Ruwenzori,1,21,1917,1951,local,True
nauru,Nauru,9,21,1917,1963,ambiguous,True
sanaga_river,Sanaga River,1,21,1920,1951,local,True
muni,Muni,1,21,1920,1951,local,True
mazaruni_river,Mazaruni River,1,21,1923,1951,local,True
the_ellice_islands,The Ellice Islands,5,21,1924,1950,local,True
nicholas_channels,Nicholas Channels,4,21,1939,1966,local,False
western_nigeria,Western Nigeria,2,21,1957,1960,local,True
cape_colonists,Cape Colonists,4,20,1877,1913,local,True
est,Est,3,20,1877,1951,local,False
darling_downs,Darling Downs,2,20,1877,1917,local,False
taungs,Taungs,2,20,1889,1898,local,True
gulf_of_papua,Gulf of Papua,2,20,1889,1917,local,True
keewatin,Keewatin,2,20,1890,1922,local,True
raoul,Raoul,1,20,1890,1922,local,False
bromers_islands,Bromers Islands,2,20,1894,1937,local,True
starbuck_island,Starbuck Island,5,20,1894,1963,local,True
manahiki,Manahiki,3,20,1894,1922,local,False
australian_alps,Australian Alps,2,20,1894,1917,local,False
port_phillip_bay,Port Phillip Bay,1,20,1894,1917,local,True
bamangwato,Bamangwato,3,20,1897,1966,local,False
sherbro_district,Sherbro District,1,20,1900,1924,local,True
city_district,City District,1,20,1905,1925,local,True
st_andrew_railway,St. Andrew Railway,1,20,1905,1925,local,True
kortimo,Kortimo,1,20,1905,1924,local,False
wapisianas,Wapisianas,1,20,1906,1930,local,False
anuradapura,Anuradapura,1,20,1908,1934,local,False
mbabane_district,Mbabane District,3,20,1908,1927,local,True
green_island,Green Island,1,20,1910,1966,local,True
boulogne,Boulogne,3,20,1910,1939,local,False
sombreiro,Sombreiro,2,20,1911,1951,local,False
chargeurs,Chargeurs,4,20,1911,1929,local,False
jie,Jie,2,20,1912,1963,local,False
at_bonny,At Bonny,1,20,1917,1951,local,False
chra_river,Chra River,4,20,1920,1948,local,True
river_tiel,River Tiel,1,20,1921,1951,local,True
elgeyo,Elgeyo,3,20,1922,1962,local,False
sangamankanda,Sangamankanda,1,20,1923,1946,local,False
san_remo,San Remo,2,20,1923,1946,local,True
mount_lavinia,Mount Lavinia,1,20,1931,1946,local,True
river_nile,River Nile,4,20,1932,1951,local,True
river_north_west,River North West,1,20,1937,1951,local,True
wahidi,Wahidi,2,20,1939,1966,local,False
manzini,Manzini,1,20,1962,1966,local,False
bruni,Bruni,3,19,1867,1949,local,False
the_turks_islands,The Turks Islands,1,19,1877,1966,local,True
no_man,No Man,1,19,1878,1917,local,False
mount_pleasant,Mount Pleasant,1,19,1878,1917,local,True
port_department,Port Department,4,19,1883,1939,local,True
matare,Matare,2,19,1886,1946,local,False
antony_la_roche,Antony La Roche,1,19,1888,1921,local,False
esquimaux,Esquimaux,2,19,1889,1922,local,False
the_clyde_line,The Clyde Line,1,19,1889,1928,local,False
arctic_islands,Arctic Islands,2,19,1890,1920,local,True
cato_island,Cato Island,4,19,1890,1951,local,True
bieques,Bieques,4,19,1890,1927,local,False
forcados_river,Forcados River,5,19,1894,1914,local,True
opobo_rivers,Opobo Rivers,3,19,1897,1912,local,False
alexander_campbell_onslow,Alexander Campbell Onslow,1,19,1897,1917,local,False
pylstart_island,Pylstart Island,4,19,1897,1940,local,True
muhammad,Muhammad,4,19,1898,1951,local,False
bay_st,Bay St,1,19,1898,1927,local,True
burnt_bay,Burnt Bay,1,19,1898,1924,local,True
bakwena,Bakwena,3,19,1899,1966,local,False
tanaland,Tanaland,4,19,1900,1930,local,False
shantung,Shantung,2,19,1900,1930,local,True
massaruni_river,Massaruni River,1,19,1905,1925,local,True
meko,Meko,3,19,1905,1914,local,False
maltese_islands,Maltese Islands,2,19,1905,1964,local,True
new_zealand_parliament,New Zealand Parliament,2,19,1905,1924,local,False
savage,Savage,1,19,1905,1922,local,False
karene_district,Karene District,1,19,1905,1920,local,True
rabai,Rabai,3,19,1906,1923,local,False
niger_river,Niger River,3,19,1907,1951,local,True
cha,Cha,2,19,1909,1951,local,False
pemba_island,Pemba Island,1,19,1909,1951,local,True
delimi_river,Delimi River,1,19,1915,1940,local,True
kittam_river,Kittam River,1,19,1915,1936,local,True
ain_valley,Ain Valley,4,19,1917,1937,local,True
semliki_river,Semliki River,1,19,1917,1940,local,True
pigg,Pigg,1,19,1920,1966,local,False
uasin_gishu,Uasin Gishu,2,19,1922,1963,local,False
benue_river,Benue River,1,19,1923,1951,local,True
military_authorities,Military Authorities,3,19,1923,1964,local,False
zionist_organization,Zionist Organization,1,19,1923,1937,local,False
picket_hill,Picket Hill,1,19,1923,1951,local,True
at_kandy,At Kandy,1,19,1924,1946,local,False
bumpe,Bumpe,1,19,1924,1951,local,False
twi,Twi,3,19,1925,1950,local,False
dehiwala_mount_lavinia,Dehiwala-Mount Lavinia,1,19,1931,1946,local,False
village_committees,Village Committees,2,19,1931,1951,local,False
st_helenians,St. Helenians,2,19,1932,1963,local,True
mount_roraima,Mount Roraima,1,19,1946,1966,local,True
in_rotuma,In Rotuma,4,19,1946,1966,local,False
mende,Mende,1,19,1946,1960,local,False
limbang_river,Limbang River,3,19,1948,1963,local,True
santa_maria_la_antigua,Santa Maria La Antigua,4,18,1867,1937,local,True
soufriere,Soufriere,5,18,1867,1928,local,True
bahama,Bahama,4,18,1867,1966,local,False
isles,Isles,4,18,1877,1951,local,False
san_juan,San Juan,4,18,1877,1951,local,True
mount_perry,Mount Perry,2,18,1878,1909,local,True
mount_barker,Mount Barker,1,18,1878,1917,local,True
bonne_bay,Bonne Bay,1,18,1883,1927,local,True
bell,Bell,9,18,1883,1951,ambiguous,True
salt_river,Salt River,1,18,1888,1927,local,True
orthodox_greek_church,Orthodox Greek Church,1,18,1888,1915,local,False
johor,Johor,4,18,1889,1934,local,True
port_weld,Port Weld,8,18,1889,1951,ambiguous,True
labuk,Labuk,4,18,1890,1963,local,False
albatross,Albatross,3,18,1890,1909,local,False
curtis,Curtis,1,18,1890,1922,local,False
lyons,Lyons,4,18,1894,1952,local,False
goodenough,Goodenough,2,18,1894,1917,local,False
st_marie_canal,St. Marie Canal,2,18,1894,1922,local,True
blue_mountain,Blue Mountain,1,18,1894,1955,local,True
indi,Indi,1,18,1894,1917,local,False
macintyre,Macintyre,2,18,1894,1924,local,False
barcelona,Barcelona,2,18,1894,1937,local,False
st_brieuc,St. Brieuc,1,18,1894,1924,local,True
de_grey,De Grey,1,18,1894,1917,local,False
fortescue,Fortescue,1,18,1894,1917,local,False
aflao,Aflao,3,18,1898,1932,local,False
peak_hill,Peak Hill,1,18,1898,1917,local,True
st_georges,St. Georges,1,18,1900,1936,local,True
bristol,Bristol,4,18,1905,1914,local,False
ilesha,Ilesha,4,18,1905,1959,local,False
owo,Owo,3,18,1905,1960,local,False
the_volta_river_district,The Volta River District,2,18,1905,1924,trading_partner,True
jacksonville,Jacksonville,3,18,1908,1966,local,True
bremersdorp,Bremersdorp,1,18,1908,1966,local,False
maximum,Maximum,4,18,1909,1952,local,False
marsabit,Marsabit,4,18,1911,1951,local,False
equatorial_africa,Equatorial Africa,4,18,1912,1960,local,False
chatham_islands,Chatham Islands,1,18,1914,1922,local,True
independent_cypriote_church,Independent Cypriote Church,1,18,1915,1939,local,False
uganda_sudan,Uganda-Sudan,1,18,1915,1937,local,False
leper_settlement,Leper Settlement,4,18,1917,1966,local,False
hatton,Hatton,2,18,1917,1946,local,False
kelantan_river,Kelantan River,6,18,1918,1936,local,True
ossidinge_district,Ossidinge District,1,18,1920,1951,local,True
mount_meru,Mount Meru,4,18,1920,1951,local,True
urban_district_councils,Urban District Councils,1,18,1924,1940,local,False
local_councils,Local Councils,3,18,1924,1951,local,False
mongu_lealui,Mongu-Lealui,1,18,1925,1948,local,False
mano_bagru,Mano Bagru,1,18,1925,1951,local,False
banana_islands,Banana Islands,1,18,1925,1951,local,True
the_handbook,The Handbook,2,18,1925,1951,local,False
fijian_affairs_board,Fijian Affairs Board,4,18,1946,1966,local,False
algeciras,Algeciras,1,18,1948,1966,local,True
temne,Temne,1,18,1948,1960,local,False
catalan_bay,Catalan Bay,1,18,1953,1966,local,True
marguerite_bay,Marguerite Bay,3,18,1956,1966,local,True
free_port,Free Port,2,18,1957,1965,local,False
the_free_port,The Free Port,2,18,1957,1965,local,False
st_kitt,St. Kitt,7,17,1867,1906,ambiguous,True
portsmouth,Portsmouth,2,17,1867,1966,local,True
river_diggings,River Diggings,3,17,1877,1909,local,True
river_hottentots,River Hottentots,1,17,1878,1909,local,True
lydenburg,Lydenburg,4,17,1878,1912,local,True
joseph_brown,Joseph Brown,1,17,1883,1914,local,False
the_maluti_mountains,The Maluti Mountains,2,17,1888,1911,local,True
herberton,Herberton,1,17,1888,1917,local,False
the_maldives_archipelago,The Maldives Archipelago,1,17,1889,1940,local,False
swan_hill,Swan Hill,1,17,1889,1917,local,True
mona,Mona,3,17,1890,1961,local,False
andoni,Andoni,5,17,1896,1914,local,False
river_valley,River Valley,2,17,1896,1964,local,True
jebu_ode,Jebu Ode,2,17,1896,1910,local,False
river_shangani,River Shangani,4,17,1898,1927,local,True
scotia,Scotia,2,17,1905,1921,local,False
shantung_peninsula,Shantung Peninsula,1,17,1905,1930,local,True
bay_of_weihaiwei,Bay of Weihaiwei,1,17,1905,1930,local,True
port_edward,Port Edward,1,17,1905,1930,local,True
postal_agency,Postal Agency,3,17,1906,1923,local,False
isle_all,Isle. All,1,17,1906,1927,local,True
rennell_islands,Rennell Islands,3,17,1909,1932,local,True
penang_island,Penang Island,3,17,1910,1957,local,True
northern_frontier_district,Northern Frontier District,2,17,1911,1951,local,True
chamah,Chamah,3,17,1911,1925,local,False
amathos,Amathos,1,17,1912,1936,local,True
deep_water_bay,Deep Water Bay,1,17,1912,1930,local,True
powell,Powell,2,17,1912,1966,local,False
evrychou_valley,Evrychou Valley,1,17,1915,1937,local,True
santa_appollonia,Santa Appollonia,1,17,1915,1951,local,True
kotte,Kotte,1,17,1918,1946,local,False
bishopsgate_street,Bishopsgate Street,3,17,1918,1946,local,False
pensiangan,Pensiangan,2,17,1918,1940,local,False
lake_naivasha,Lake Naivasha,6,17,1920,1950,local,True
the_methodist,The Methodist,1,17,1923,1946,local,False
rabaul,Rabaul,5,17,1924,1931,local,False
bendu,Bendu,1,17,1925,1951,local,False
aplichau,Aplichau,1,17,1927,1958,local,False
caroline_island,Caroline Island,3,17,1927,1963,local,True
st_francis_xavier,St. Francis Xavier,3,17,1931,1957,local,True
dental,Dental,4,17,1931,1957,local,False
takoradi_harbour,Takoradi Harbour,2,17,1931,1956,local,True
river_this,River. This,2,17,1932,1961,local,True
st_andrew_corporation,St. Andrew Corporation,1,17,1948,1951,local,True
sierra_leone_produce,Sierra Leone Produce,1,17,1952,1960,local,False
nkata_bay,Nkata Bay,2,17,1953,1964,local,True
blue_mountain_peak,Blue Mountain Peak,1,16,1867,1957,local,False
bahama_islands,Bahama Islands,5,16,1867,1966,local,True
algoa_bay,Algoa Bay,1,16,1877,1909,local,True
bay_vasco,Bay. Vasco,1,16,1877,1909,local,True
bay_of_natal,Bay of Natal,1,16,1877,1910,local,True
capricorn,Capricorn,2,16,1879,1917,local,False
cradock,Cradock,2,16,1880,1909,local,False
derby,Derby,4,16,1880,1961,local,True
abraham,Abraham,2,16,1883,1946,local,False
main,Main,3,16,1883,1966,local,False
euphorbia,Euphorbia,2,16,1883,1917,local,False
boston,Boston,7,16,1886,1963,ambiguous,True
gulf_the,Gulf. The,5,16,1888,1951,local,True
stellaland,Stellaland,1,16,1889,1894,local,True
guelph,Guelph,3,16,1889,1922,local,False
gambier,Gambier,3,16,1889,1924,local,False
roebuck_bay,Roebuck Bay,1,16,1889,1917,local,True
port_louis_town,Port Louis Town,1,16,1890,1914,local,True
george_melville,George Melville,1,16,1894,1914,local,False
grand_canary,Grand Canary,8,16,1894,1906,ambiguous,True
jebu_remo,Jebu Remo,2,16,1896,1910,local,False
shagamu,Shagamu,3,16,1896,1951,local,False
stewart_islands,Stewart Islands,1,16,1899,1922,local,True
stewart_island,Stewart Island,1,16,1899,1922,local,True
adda,Adda,3,16,1900,1910,local,False
kissy,Kissy,1,16,1900,1957,local,False
the_swedish_antarctic,The Swedish Antarctic,1,16,1905,1921,local,False
aldabra_islands,Aldabra Islands,1,16,1905,1921,local,True
aucher_warner,Aucher Warner,3,16,1905,1922,local,False
the_east_africa,The East Africa,4,16,1906,1957,local,False
new_britain,New Britain,3,16,1906,1939,local,True
st_julians,St. Julians,1,16,1906,1952,local,True
birrim,Birrim,3,16,1908,1925,local,False
river_the_limbang_river,River. The Limbang River,1,16,1908,1940,local,True
ontong_java,Ontong-Java,3,16,1909,1963,local,True
kinta_valley,Kinta Valley,5,16,1910,1957,local,True
usain_gishu,Usain Gishu,3,16,1911,1951,local,False
shire_river,Shire River,2,16,1912,1964,local,True
belize_district,Belize District,1,16,1913,1954,local,True
annotto_bay,Annotto Bay,1,16,1917,1951,local,True
mankaiana,Mankaiana,2,16,1917,1966,local,False
langkawi_island,Langkawi Island,6,16,1918,1951,local,True
kedah_river,Kedah River,5,16,1918,1936,local,True
the_administrative_head,The Administrative Head,1,16,1920,1940,local,True
samaria,Samaria,1,16,1921,1946,local,True
kasanga,Kasanga,3,16,1921,1939,local,False
laikipia,Laikipia,2,16,1922,1951,local,False
cape_ports,Cape Ports,3,16,1922,1936,local,True
st_george_earl,St. George Earl,2,16,1925,1949,local,True
district_road_committees,District Road Committees,1,16,1927,1940,local,False
semporna,Semporna,1,16,1928,1963,local,False
colony_peninsula,Colony Peninsula,2,16,1934,1951,local,True
chiefdoms,Chiefdoms,1,16,1936,1960,local,False
lungi,Lungi,1,16,1946,1960,local,True
kalambo_falls,Kalambo Falls,1,16,1948,1964,local,True
ten_year_development,Ten-Year Development,4,16,1953,1961,local,False
northern_line_islands,Northern Line Islands,2,16,1953,1966,local,True
courteen,Courteen,1,16,1954,1966,local,False
sebastian_cabot,Sebastian Cabot,4,15,1867,1909,local,False
upper_guinea,Upper Guinea,4,15,1867,1900,local,False
elbe,Elbe,2,15,1867,1890,local,False
james_town,James Town,3,15,1867,1927,local,True
elephant_island,Elephant Island,2,15,1867,1931,local,True
see_windward_islands,See Windward Islands,8,15,1877,1883,ambiguous,True
elgin,Elgin,4,15,1877,1961,local,False
river_settlement,River Settlement,2,15,1877,1917,local,True
edinburgh,Edinburgh,6,15,1877,1966,local,True
mount_bischoff,Mount Bischoff,1,15,1877,1917,local,True
at_london,At London,2,15,1878,1917,local,False
port_elliot,Port Elliot,1,15,1878,1917,local,True
carribbee_islands,Carribbee Islands,4,15,1878,1896,local,True
under_proclamation_no,Under Proclamation No,1,15,1879,1909,local,False
israel,Israel,6,15,1883,1966,local,True
forbes,Forbes,3,15,1883,1919,local,False
brass_river,Brass River,7,15,1886,1914,ambiguous,True
mannah_river,Mannah River,2,15,1886,1899,local,True
port_phillip,Port Phillip,2,15,1886,1917,local,True
st_stephen,St. Stephen,4,15,1888,1909,local,True
raine_island,Raine Island,4,15,1890,1940,local,True
murray_district,Murray District,1,15,1894,1909,local,True
bangwaketsi,Bangwaketsi,3,15,1897,1925,local,False
purari,Purari,2,15,1899,1917,local,False
the_rhodesian,The Rhodesian,3,15,1899,1927,local,False
lake_ngami,Lake Ngami,4,15,1905,1966,local,True
gamiland,Gamiland,4,15,1905,1931,local,False
pukapuka,Pukapuka,2,15,1905,1924,local,False
fort_tuli,Fort Tuli,4,15,1905,1927,local,True
cape_of_good_hope_naval,Cape of Good Hope Naval,1,15,1905,1920,local,True
fort_anthony,Fort Anthony,2,15,1905,1921,local,True
cape_corso,Cape Corso,2,15,1905,1921,local,True
little_bases,Little Bases,4,15,1905,1937,local,False
umba,Umba,3,15,1906,1920,local,False
the_lord_plunket,The Lord Plunket,3,15,1906,1924,local,False
canso,Canso,2,15,1907,1924,local,False
the_lawas_river,The Lawas River,1,15,1908,1940,local,True
hlatikulu_district,Hlatikulu District,2,15,1908,1962,local,True
the_lowlands,The Lowlands,3,15,1909,1925,local,False
ouest,Ouest,4,15,1909,1940,local,False
teita,Teita,3,15,1910,1951,local,False
saint_louis,Saint Louis,2,15,1910,1927,local,True
gros_islet_bay,Gros Islet Bay,5,15,1910,1948,local,True
cassamance_river,Cassamance River,2,15,1912,1940,local,True
labuan_islands,Labuan Islands,1,15,1913,1929,local,True
first_grade_clerks,First Grade Clerks,2,15,1913,1929,trading_partner,False
kyrenia_harbour,Kyrenia Harbour,1,15,1914,1933,local,True
rudolf,Rudolf,2,15,1914,1958,local,False
stegi,Stegi,1,15,1920,1966,local,False
mandara_mountains,Mandara Mountains,1,15,1921,1940,local,True
el_cayo,El Cayo,1,15,1922,1951,local,False
entertainment_allowance,Entertainment Allowance,1,15,1922,1939,local,False
praya_east,Praya East,1,15,1922,1940,local,False
north_kavirondo,North Kavirondo,3,15,1922,1948,local,False
booker_lines,Booker Lines,1,15,1923,1963,local,False
the_holland_west,The Holland West,3,15,1923,1940,local,False
afrika_lijn,Afrika Lijn,3,15,1923,1940,local,False
holy_sepulchre,Holy Sepulchre,1,15,1923,1946,local,False
at_trincomalee,At Trincomalee,1,15,1924,1934,local,False
timdel,Timdel,1,15,1925,1951,local,False
bankole_bright,Bankole-Bright,1,15,1925,1955,local,False
kete_krachi,Kete-Krachi,3,15,1925,1950,local,False
san_francique,San Francique,2,15,1930,1940,local,True
mandingo,Mandingo,3,15,1932,1957,local,False
rupununi_river,Rupununi River,1,15,1933,1951,local,True
old_bahama,Old Bahama,3,15,1939,1966,local,False
makongai,Makongai,3,15,1946,1957,local,True
southern_highlands,Southern Highlands,4,15,1946,1959,local,False
malawa,Malawa,3,15,1946,1962,local,False
kasenyi,Kasenyi,3,15,1946,1962,local,True
mount_kenya,Mount Kenya,1,15,1948,1955,local,True
cape_datu,Cape Datu,2,15,1948,1963,local,True
sadong_river,Sadong River,2,15,1948,1963,local,True
lawas_river,Lawas River,2,15,1948,1963,local,True
melanau,Melanau,1,15,1948,1963,local,False
grand_harbour,Grand Harbour,2,15,1953,1964,local,True
selected_areas,Selected Areas,2,15,1953,1965,local,False
freetown_airport,Freetown Airport,1,15,1953,1960,local,False
arawak,Arawak,3,15,1954,1966,local,False
southern_line_islands,Southern Line Islands,2,15,1954,1966,local,True
cottage_hospital,Cottage Hospital,4,15,1956,1966,local,False
bath,Bath,4,14,1867,1951,local,True
denison,Denison,3,14,1867,1917,local,False
in_singapore,In Singapore,2,14,1867,1959,local,False
cape_sierra_leone,Cape Sierra Leone,4,14,1867,1899,local,True
kaffraria,Kaffraria,1,14,1877,1908,local,False
mulgrave,Mulgrave,3,14,1877,1961,local,False
port_wakefield,Port Wakefield,1,14,1877,1917,local,True
kiandra,Kiandra,2,14,1878,1917,local,False
bundaberg,Bundaberg,2,14,1878,1917,local,False
quarantine_station,Quarantine Station,4,14,1883,1963,local,False
presbyterians,Presbyterians,4,14,1883,1951,local,False
messoria,Messoria,1,14,1883,1936,local,False
bourke,Bourke,2,14,1883,1917,local,False
seal,Seal,4,14,1886,1952,local,False
st_jean,St. Jean,3,14,1888,1951,local,True
kimberley_district,Kimberley District,1,14,1888,1917,local,True
st_lucia_bay,St. Lucia Bay,1,14,1888,1898,local,True
east_cape,East Cape,3,14,1889,1917,local,False
brantford,Brantford,2,14,1889,1920,local,False
nuyts_archipelago,Nuyts Archipelago,1,14,1889,1917,local,False
mempakol,Mempakol,3,14,1890,1913,local,False
massai,Massai,4,14,1890,1939,local,False
buxton,Buxton,4,14,1890,1932,local,True
bay_of_plenty,Bay of Plenty,2,14,1894,1922,local,True
plenty,Plenty,2,14,1894,1922,local,True
santa_cruz_islands,Santa Cruz Islands,3,14,1894,1963,local,True
river_shir,River Shir,3,14,1896,1905,local,True
st_helena_ascension,St. Helena-Ascension,2,14,1896,1915,local,True
fee,Fee,4,14,1896,1957,local,False
stratford,Stratford,4,14,1898,1961,local,False
richmond_peak,Richmond Peak,3,14,1898,1948,local,False
at_port_moresby,At Port Moresby,2,14,1899,1917,local,False
chad,Chad,3,14,1900,1951,local,False
lake_rudolph,Lake Rudolph,1,14,1900,1914,local,True
tonga_islands,Tonga Islands,2,14,1900,1919,local,True
stationery_department,Stationery Department,4,14,1905,1940,local,False
seyidie,Seyidie,2,14,1905,1920,local,False
siluko,Siluko,4,14,1905,1914,local,False
hervey,Hervey,1,14,1905,1922,local,False
danger,Danger,1,14,1905,1922,local,False
suwarrow,Suwarrow,2,14,1905,1922,local,False
phillips_river,Phillips River,1,14,1905,1917,local,True
chobe_rivers,Chobe Rivers,3,14,1906,1927,local,False
argentine_government,Argentine Government,1,14,1907,1921,local,False
sandwich,Sandwich,1,14,1907,1921,local,False
ben_union,Ben Union,1,14,1907,1921,local,True
hill_district,Hill District,1,14,1909,1923,local,True
lyeemun_pass,Lyeemun Pass,1,14,1910,1939,local,False
larut_hills,Larut Hills,3,14,1910,1936,local,True
liverpool_school,Liverpool School,3,14,1910,1924,local,False
tropical_medicine,Tropical Medicine,3,14,1910,1924,local,False
casamance_river,Casamance River,2,14,1910,1950,local,True
amathus,Amathus,1,14,1911,1951,local,True
lake_coleridge,Lake Coleridge,1,14,1913,1922,local,True
maidugari,Maidugari,1,14,1917,1937,local,False
smith_dorrien,Smith-Dorrien,1,14,1919,1966,local,False
lydenburg_district,Lydenburg District,1,14,1920,1927,local,True
the_northern_boundary,The Northern Boundary,3,14,1920,1940,local,False
the_phoenix_group,The Phoenix Group,4,14,1920,1950,local,False
panadura,Panadura,1,14,1921,1940,local,False
south_pole,South Pole,2,14,1922,1966,local,False
johore_strait,Johore Strait,5,14,1922,1963,local,True
the_kenya_protectorate,The Kenya Protectorate,3,14,1922,1939,local,False
anglo_guinea_produce,Anglo-Guinea Produce,3,14,1923,1933,local,False
druzes,Druzes,1,14,1923,1937,local,False
bahais,Bahais,1,14,1923,1937,local,False
coptic_churches,Coptic Churches,1,14,1923,1940,local,False
baron_edmond,Baron Edmond,1,14,1923,1940,local,False
rothschild,Rothschild,1,14,1923,1940,local,False
dome,Dome,1,14,1924,1946,local,False
river_launch,River. Launch,1,14,1925,1948,local,True
sipitang_river,Sipitang River,2,14,1925,1940,local,True
panadure,Panadure,1,14,1927,1946,local,False
keren_hayesod,Keren Hayesod,1,14,1927,1940,local,False
tumbatu_island,Tumbatu Island,1,14,1927,1951,local,True
navigazione_libera_triestina,Navigazione Libera Triestina,3,14,1928,1940,local,False
ray,Ray,4,14,1931,1962,local,False
wajir,Wajir,3,14,1932,1951,local,False
township,Township,4,14,1932,1962,local,False
haute_volta,Haute Volta,2,14,1933,1950,local,True
courantyne_river,Courantyne River,1,14,1936,1951,local,True
fiji_islands,Fiji Islands,4,14,1939,1966,local,True
cuyuni_river,Cuyuni River,1,14,1946,1951,local,True
serahuli,Serahuli,2,14,1946,1965,local,False
kipsigis,Kipsigis,2,14,1948,1957,local,False
muchinga_mountains,Muchinga Mountains,1,14,1949,1964,local,True
the_status,The Status,2,14,1953,1966,local,False
on_eleuthera,On Eleuthera,2,14,1953,1966,local,False
syrians,Syrians,3,14,1953,1963,local,False
the_deed,The Deed,4,14,1953,1966,local,False
fijian_administration,Fijian Administration,4,14,1953,1966,local,False
non_fijian,Non-Fijian,4,14,1953,1966,local,False
fijian_provincial_councils,Fijian Provincial Councils,4,14,1953,1966,local,False
bay_all,Bay. All,1,14,1953,1966,local,True
cargados_carajos,Cargados Carajos,1,14,1953,1966,local,False
st_brandon_isles,St. Brandon Isles,1,14,1953,1966,local,True
sulima,Sulima,1,14,1953,1959,local,False
st_helena_growers,St. Helena Growers,1,14,1953,1966,local,True
fort_lauderdale,Fort Lauderdale,2,14,1954,1966,local,True
palm_beach,Palm Beach,2,14,1954,1966,local,False
west_bay,West Bay,1,14,1955,1966,local,True
san_pedro_sula,San Pedro Sula,1,14,1961,1966,local,True
vessels,Vessels,3,13,1867,1950,local,False
rattan,Rattan,6,13,1867,1899,local,True
mount_misery,Mount Misery,8,13,1867,1966,ambiguous,True
brimstone_hill,Brimstone Hill,8,13,1867,1966,ambiguous,True
fort_st,Fort St,4,13,1867,1933,local,True
cakobau,Cakobau,3,13,1877,1966,local,False
gaspard_le_marchant,Gaspard Le Marchant,1,13,1877,1951,local,False
arthur_edward_kennedy,Arthur Edward Kennedy,2,13,1877,1900,local,False
john_stephen_hampton,John Stephen Hampton,2,13,1877,1900,local,False
frederick_aloysius_weld,Frederick Aloysius Weld,3,13,1877,1915,local,False
port_mac,Port Mac,1,13,1878,1917,local,True
zoutpansberg,Zoutpansberg,4,13,1878,1913,local,False
cape_mounted_riflemen,Cape Mounted Riflemen,2,13,1879,1913,local,True
physical_features,Physical Features,4,13,1883,1939,local,False
kauri,Kauri,3,13,1883,1957,local,False
hussars,Hussars,4,13,1886,1934,local,False
mount_fletcher,Mount Fletcher,1,13,1888,1909,local,True
uva,Uva,1,13,1888,1946,local,True
isle_of_france,Isle of France,1,13,1888,1910,local,True
st_brandon,St. Brandon,1,13,1888,1924,local,True
louisiade,Louisiade,2,13,1889,1917,local,False
groote_eylandt,Groote Eylandt,1,13,1889,1909,local,False
furneaux_islands,Furneaux Islands,1,13,1889,1917,local,True
river_derwent,River Derwent,1,13,1889,1917,local,True
river_tamar,River Tamar,1,13,1889,1917,local,True
grand_bassam,Grand Bassam,3,13,1889,1900,local,True
sipitong_river,Sipitong River,3,13,1890,1921,local,True
brisbane_river,Brisbane River,2,13,1890,1917,local,True
sydney_islands,Sydney Islands,5,13,1894,1948,local,True
macloutsie_river,Macloutsie River,5,13,1894,1921,local,True
sherbrooke,Sherbrooke,3,13,1894,1920,local,False
the_spice_island,The Spice Island,5,13,1894,1921,local,True
point_the,Point. The,3,13,1894,1951,local,True
jervis_bay,Jervis Bay,3,13,1894,1920,local,True
ndiana_rivers,Ndiana Rivers,4,13,1894,1908,local,False
muka_river,Muka River,1,13,1894,1934,local,True
assinie,Assinie,4,13,1894,1906,local,False
the_darling,The Darling,2,13,1894,1917,local,False
lismore,Lismore,1,13,1896,1906,local,False
cape_collieries,Cape Collieries,1,13,1899,1909,local,True
cape_colonial,Cape Colonial,4,13,1899,1966,local,True
cape_garrison_artillery,Cape Garrison Artillery,2,13,1905,1922,local,True
jameson,Jameson,3,13,1905,1912,local,False
shires,Shires,3,13,1905,1917,local,False
manica,Manica,3,13,1905,1927,local,True
kriko,Kriko,2,13,1908,1922,local,False
sekondi_dixcove,Sekondi-Dixcove,3,13,1908,1937,local,False
carriacou_district,Carriacou District,5,13,1910,1937,local,True
bay_roberts,Bay Roberts,1,13,1911,1927,local,True
bougainville_straits,Bougainville Straits,3,13,1911,1957,local,True
cocos_keeling,Cocos-Keeling,1,13,1913,1929,local,False
chargeurs_reunis_line,Chargeurs Reunis Line,2,13,1920,1940,local,False
livingstone_mountains,Livingstone Mountains,3,13,1921,1940,local,True
kyambu,Kyambu,2,13,1922,1939,local,False
marakwet,Marakwet,3,13,1922,1962,local,False
aden_back_bay,Aden Back Bay,1,13,1923,1940,local,True
port_harcourt_chamber,Port Harcourt Chamber,1,13,1923,1940,local,True
pools,Pools,1,13,1923,1937,local,False
the_gilbert_group,The Gilbert Group,4,13,1924,1950,local,False
sipitang,Sipitang,2,13,1925,1940,local,False
digo,Digo,2,13,1925,1950,local,False
morphou_bay,Morphou Bay,1,13,1929,1951,local,True
cumberland_bay,Cumberland Bay,2,13,1929,1951,local,True
weston,Weston,1,13,1930,1951,local,True
nigerian_government,Nigerian Government,2,13,1931,1951,local,False
vapeur,Vapeur,1,13,1931,1940,local,False
virgin_islands_presidency,Virgin Islands Presidency,3,13,1931,1951,local,False
st_hilary,St. Hilary,3,13,1931,1949,local,True
birim_kwahu,Birim Kwahu,1,13,1932,1940,local,False
minimum,Minimum,3,13,1933,1951,local,False
the_marampa,The Marampa,1,13,1934,1960,local,False
chiuta,Chiuta,2,13,1939,1964,local,False
little_scarcies_river,Little Scarcies River,1,13,1946,1960,local,True
mount_kinabalu,Mount Kinabalu,1,13,1948,1963,local,True
fort_portal,Fort Portal,2,13,1948,1962,local,True
amerindians,Amerindians,1,13,1949,1966,local,False
the_fijians,The Fijians,2,13,1949,1966,local,False
aged,Aged,4,13,1949,1966,local,False
kiswahili,Kiswahili,1,13,1949,1963,local,False
prospect_hospital,Prospect Hospital,2,13,1950,1964,local,False
endemic_diseases_control,Endemic Diseases Control,1,13,1950,1960,local,False
monkey_bay,Monkey Bay,3,13,1952,1964,local,True
likoma_island,Likoma Island,2,13,1952,1964,local,True
lake_library,Lake Library,2,13,1953,1965,local,True
port_of_aden,Port of Aden,2,13,1953,1965,local,True
lebanese,Lebanese,2,13,1953,1965,local,False
banjul,Banjul,2,13,1953,1965,local,True
chagos_archipelago,Chagos Archipelago,1,13,1953,1965,local,False
mackey_airlines,Mackey Airlines,2,13,1954,1966,local,False
corentyne_river,Corentyne River,1,13,1954,1966,local,True
the_maya_mountains,The Maya Mountains,1,13,1954,1966,local,True
annuities_tax,Annuities Tax,1,13,1954,1957,local,False
other_sources,Other Sources,1,13,1954,1966,local,False
business_registration_fees,Business Registration Fees,1,13,1954,1966,local,False
agalega,Agalega,2,13,1954,1966,local,False
port_louis_museum,Port Louis Museum,1,13,1954,1966,local,True
port_louis_library,Port Louis Library,1,13,1954,1966,local,True
river_corentyn,River Corentyn,1,12,1867,1918,local,True
north_sea,North Sea,2,12,1867,1890,local,False
york_peninsula,York Peninsula,2,12,1867,1917,local,True
coromandel,Coromandel,3,12,1867,1951,local,False
cinnamon,Cinnamon,2,12,1877,1923,local,False
lebombo_mountains,Lebombo Mountains,4,12,1878,1922,local,True
fergusson,Fergusson,3,12,1883,1917,local,False
great_dividing_range,Great Dividing Range,2,12,1883,1917,local,False
duboisia,Duboisia,2,12,1883,1917,local,False
angra_pequena,Angra Pequena,1,12,1888,1909,local,False
damaraland,Damaraland,1,12,1888,1909,local,False
translator,Translator,2,12,1888,1939,local,False
jost_van_dyke,Jost Van Dyke,3,12,1888,1966,local,False
lucia_bay,Lucia Bay,1,12,1888,1898,local,True
mankoroane,Mankoroane,1,12,1889,1894,local,False
goshenites,Goshenites,1,12,1889,1894,local,False
wellesley,Wellesley,3,12,1889,1917,local,False
furneaux,Furneaux,1,12,1889,1917,local,False
circular_head,Circular Head,1,12,1889,1917,local,True
portland_bay,Portland Bay,1,12,1889,1908,local,True
scotch,Scotch,3,12,1889,1908,local,False
moreton,Moreton,2,12,1890,1917,local,False
stonecutters,Stonecutters,1,12,1894,1958,local,False
dumaresq,Dumaresq,1,12,1894,1906,local,False
yatheroo,Yatheroo,1,12,1894,1917,local,False
mahin_beach,Mahin Beach,2,12,1896,1909,local,False
plaines_wilhems_district,Plaines Wilhems District,1,12,1896,1913,local,True
evelyn_wood,Evelyn Wood,1,12,1896,1907,local,False
etheridge,Etheridge,2,12,1896,1917,local,False
shaki,Shaki,3,12,1899,1914,local,False
forestier_walker,Forestier-Walker,2,12,1900,1966,local,False
tawao,Tawao,1,12,1905,1928,local,False
kaningau,Kaningau,2,12,1905,1927,local,False
the_periods,The Periods,3,12,1905,1927,local,False
denis_slyne,Denis Slyne,4,12,1905,1923,local,False
inaccessible_islands,Inaccessible Islands,3,12,1905,1937,local,True
vansittart_bay,Vansittart Bay,1,12,1905,1917,local,True
nickol_bay,Nickol Bay,1,12,1905,1917,local,True
koombana_bay,Koombana Bay,1,12,1905,1917,local,True
lake_superior,Lake Superior,2,12,1908,1922,local,True
the_south_africa,The South Africa,3,12,1908,1966,local,False
richmond_river,Richmond River,3,12,1909,1948,local,True
caledonia,Caledonia,2,12,1911,1934,local,True
lyemun_pass,Lyemun Pass,1,12,1913,1940,local,False
masai_reserve,Masai Reserve,2,12,1914,1939,local,False
the_kuria_muria_islands,The Kuria-Muria Islands,3,12,1919,1966,local,True
ngong,Ngong,4,12,1920,1950,local,False
jaffa_district,Jaffa District,1,12,1921,1933,local,True
east_africa_currency,East Africa Currency,2,12,1922,1937,local,False
bismarckburg,Bismarckburg,3,12,1922,1940,local,False
district_governors,District Governors,3,12,1923,1940,local,False
kenema_district,Kenema District,1,12,1924,1934,local,True
marsh_harbour,Marsh Harbour,1,12,1927,1946,local,True
southern_districts,Southern Districts,2,12,1927,1937,local,False
recorded,Recorded,1,12,1928,1940,local,False
le_havre,Le Havre,1,12,1930,1940,local,True
these_falls,These Falls,1,12,1931,1951,local,True
coastal_belt,Coastal Belt,1,12,1931,1951,local,False
middle_interior,Middle Interior,1,12,1931,1951,local,False
savannahs,Savannahs,1,12,1931,1951,local,False
kaieteur_falls,Kaieteur Falls,1,12,1931,1951,local,True
ophthalmic,Ophthalmic,2,12,1931,1957,local,False
port_of_mombasa,Port of Mombasa,1,12,1932,1939,local,True
gonja,Gonja,2,12,1939,1950,local,False
line_islands,Line Islands,3,12,1946,1963,local,True
canton_island,Canton Island,3,12,1946,1963,local,True
phoenix_islands,Phoenix Islands,3,12,1946,1963,local,True
the_head,The Head,5,12,1948,1965,local,True
nyoro,Nyoro,1,12,1949,1951,local,False
lwo,Lwo,2,12,1949,1962,local,False
the_singapore_harbour,The Singapore Harbour,3,12,1950,1963,local,True
yuen_long,Yuen Long,1,12,1952,1966,local,True
produce_marketing_board,Produce Marketing Board,3,12,1952,1960,local,False
the_grand_harbour,The Grand Harbour,2,12,1953,1964,local,True
marsamxett_harbour,Marsamxett Harbour,2,12,1953,1964,local,True
marsaxlokk_bay,Marsaxlokk Bay,2,12,1953,1964,local,True
mellieha_bay,Mellieha Bay,2,12,1953,1964,local,True
luangwa_river_valley,Luangwa River Valley,1,12,1953,1964,local,True
ruo_river,Ruo River,2,12,1953,1964,local,True
river_shire_basin,River Shire Basin,2,12,1953,1964,local,True
lake_george,Lake George,2,12,1953,1962,local,True
oyapock_river,Oyapock River,1,12,1954,1965,local,True
chake_chake,Chake Chake,1,12,1955,1963,local,False
hope_bay,Hope Bay,3,12,1956,1966,local,True
sibu_urban_district,Sibu Urban District,1,12,1958,1963,local,True
pomeroon_district,Pomeroon District,1,11,1867,1924,local,True
morant_bay,Morant Bay,1,11,1867,1946,local,True
norwegians,Norwegians,1,11,1877,1898,local,False
gros_ilet_bay,Gros Ilet Bay,4,11,1879,1909,local,True
bellenden_kerr_range,Bellenden Kerr Range,2,11,1883,1917,local,False
saint_andrew,Saint Andrew,2,11,1883,1900,local,True
the_maldive_archipelago,The Maldive Archipelago,1,11,1886,1936,local,False
plettenberg_bay,Plettenberg Bay,1,11,1888,1909,local,True
austria,Austria,4,11,1888,1950,local,True
crab_island,Crab Island,3,11,1888,1963,local,True
port_stephens,Port Stephens,2,11,1888,1917,local,True
cordillera,Cordillera,2,11,1888,1917,local,False
zulu_reserve,Zulu Reserve,1,11,1888,1898,local,False
pellew_archipelago,Pellew Archipelago,1,11,1889,1909,local,False
maria_island,Maria Island,1,11,1889,1917,local,True
plum,Plum,1,11,1890,1909,local,False
roast,Roast,1,11,1890,1909,local,False
mercury,Mercury,1,11,1890,1909,local,False
penguin,Penguin,1,11,1890,1909,local,False
beaconfield,Beaconfield,1,11,1890,1909,local,False
farquhar,Farquhar,2,11,1890,1954,local,True
stradbroke,Stradbroke,2,11,1890,1917,local,False
hinchinbrook,Hinchinbrook,2,11,1890,1917,local,False
assin,Assin,4,11,1890,1950,local,False
st_aignan,St. Aignan,2,11,1894,1917,local,True
rossel,Rossel,2,11,1894,1917,local,False
sudest,Sudest,2,11,1894,1917,local,False
sabaragamuwa,Sabaragamuwa,1,11,1894,1939,local,True
aplechow,Aplechow,1,11,1894,1924,local,False
river_div,River Div,1,11,1894,1910,local,True
the_sherbro_river,The Sherbro River,2,11,1894,1951,local,True
western_port_bay,Western Port Bay,1,11,1894,1917,local,True
port_bay,Port Bay,1,11,1894,1917,local,True
imposts,Imposts,2,11,1894,1939,local,False
the_santa_cruz_islands,The Santa Cruz Islands,2,11,1894,1913,local,True
tumbatu,Tumbatu,3,11,1896,1914,local,True
panton,Panton,1,11,1896,1917,local,False
mount_scratchley,Mount Scratchley,2,11,1897,1917,local,True
appollonia,Appollonia,4,11,1897,1922,local,False
kwong,Kwong,1,11,1899,1913,local,True
padas_river,Padas River,1,11,1900,1951,local,True
bay_from_cape_town,Bay. From Cape Town,2,11,1905,1923,local,True
st_fran,St. Fran,1,11,1905,1949,local,True
the_cross_river,The Cross River,3,11,1905,1914,local,True
shama,Shama,2,11,1905,1931,local,False
registration_dues,Registration Dues,2,11,1908,1928,local,False
san_pedro,San Pedro,1,11,1909,1937,local,True
additional_district,Additional District,1,11,1909,1933,local,True
st_germain,St. Germain,2,11,1909,1951,local,True
waterworks,Waterworks,4,11,1910,1957,local,False
gosha,Gosha,3,11,1911,1925,local,False
brodhurst_hill,Brodhurst Hill,3,11,1911,1931,local,True
ngel_river,Ngel River,1,11,1917,1940,local,True
north_west_districts,North-West Districts,1,11,1918,1931,local,False
every_island,Every Island,4,11,1920,1937,local,True
enderbury_islands,Enderbury Islands,6,11,1920,1950,local,True
ramleh,Ramleh,1,11,1921,1939,local,False
river_at,River. At,2,11,1921,1934,local,True
mohuru_point,Mohuru Point,3,11,1921,1940,local,False
navale,Navale,3,11,1923,1940,local,False
ravine,Ravine,3,11,1923,1937,local,False
zionist_organisation,Zionist Organisation,1,11,1923,1940,local,False
transjordan,Transjordan,2,11,1923,1939,local,False
messi_krim,Messi Krim,1,11,1925,1951,local,False
the_first_urban,The First Urban,1,11,1925,1937,local,False
the_second_urban,The Second Urban,1,11,1925,1937,local,False
bintang_creek,Bintang Creek,2,11,1927,1950,local,True
gulf_the_coast,Gulf. The Coast,1,11,1927,1940,local,True
beluran,Beluran,1,11,1928,1940,local,False
penampang,Penampang,1,11,1928,1940,local,False
gulf_of_mexico,Gulf of Mexico,1,11,1928,1940,local,True
santo_domingo,Santo Domingo,4,11,1928,1951,local,False
upper_river_areas,Upper River Areas,1,11,1931,1951,local,False
river_areas,River Areas,1,11,1931,1951,local,True
usambara_highlands,Usambara Highlands,4,11,1932,1953,local,False
the_rift_valley,The Rift Valley,2,11,1932,1951,local,False
kilindini_harbour,Kilindini Harbour,1,11,1932,1939,local,True
lake_magadi,Lake Magadi,1,11,1932,1951,local,True
swan_island,Swan Island,1,11,1933,1951,local,True
birim_akim_abuakwa,Birim Akim Abuakwa,1,11,1933,1940,local,False
partly,Partly,4,11,1934,1955,local,False
the_climate,The Climate,3,11,1936,1961,local,False
kandavu,Kandavu,1,11,1937,1951,local,True
yeshbum,Yeshbum,1,11,1939,1951,local,True
gough_islands,Gough Islands,2,11,1939,1963,local,True
port_of_spain_city_council,Port of Spain City Council,2,11,1946,1951,local,True
spain_city_council,Spain City Council,2,11,1946,1951,local,True
tumasik,Tumasik,1,11,1948,1957,local,True
oakes_airport,Oakes Airport,1,11,1950,1957,local,False
port_of_brunei_town,Port of Brunei Town,1,11,1953,1963,local,True
lake_natron,Lake Natron,1,11,1953,1963,local,True
mbamba_bay,Mbamba Bay,2,11,1953,1964,local,True
florence_bay,Florence Bay,2,11,1953,1963,local,True
river_thereafter_rajah_brooke,River. Thereafter Rajah Brooke,2,11,1953,1963,local,True
pay_as_you,Pay As You,3,11,1954,1966,local,False
earn,Earn,3,11,1954,1966,local,False
princess_margaret_hospital,Princess Margaret Hospital,2,11,1956,1966,local,False
trinity_peninsula,Trinity Peninsula,3,11,1956,1966,local,True
admiralty_bay,Admiralty Bay,3,11,1956,1966,local,True
anvers_island,Anvers Island,3,11,1956,1966,local,True
cape_geddes,Cape Geddes,3,11,1956,1966,local,True
laurie_island,Laurie Island,3,11,1956,1966,local,True
friendly,Friendly,2,11,1956,1966,local,False
mt_actaeon,Mt. Actaeon,1,11,1956,1966,local,True
nassau_international_airport,Nassau International Airport,2,11,1958,1966,local,False
tsuen_wan,Tsuen Wan,1,11,1958,1966,local,True
sittee_river,Sittee River,1,11,1961,1966,local,True
sergeants,Sergeants,4,10,1867,1922,local,False
point_pedro,Point Pedro,1,10,1867,1946,local,True
kow,Kow,1,10,1867,1890,local,True
northumberland,Northumberland,3,10,1878,1897,local,False
port_victor,Port Victor,1,10,1878,1897,local,True
waterberg,Waterberg,4,10,1878,1913,local,True
intombi_river,Intombi River,2,10,1883,1910,local,True
euphorbia_drummondii,Euphorbia Drummondii,2,10,1883,1917,local,False
palm,Palm,3,10,1886,1950,local,False
port_natal,Port Natal,2,10,1886,1922,local,True
south_lat,South Lat,2,10,1888,1900,local,False
east_long,East Long,2,10,1888,1900,local,False
mount_frere,Mount Frere,1,10,1888,1909,local,True
office_assistants,Office Assistants,2,10,1888,1940,local,False
the_london,The London,4,10,1888,1931,local,False
mount_morgan,Mount Morgan,3,10,1888,1917,local,True
river_tugela,River Tugela,1,10,1888,1898,local,True
bay_this,Bay. This,3,10,1889,1951,local,True
largs_bay,Largs Bay,1,10,1889,1908,local,True
jolahs,Jolahs,2,10,1889,1912,local,False
ichaboe,Ichaboe,1,10,1890,1909,local,False
vicar,Vicar,2,10,1890,1920,local,False
mahe,Mahe,2,10,1890,1964,local,True
bird_islands,Bird Islands,2,10,1890,1909,local,True
san_domingo,San Domingo,3,10,1890,1934,local,True
little_basses,Little Basses,4,10,1894,1946,local,False
fort_salisbury,Fort Salisbury,6,10,1894,1927,local,True
the_possession,The Possession,1,10,1894,1906,local,False
st_henri,St. Henri,2,10,1894,1908,local,True
although_victoria,Although Victoria,1,10,1894,1917,local,False
jebu,Jebu,2,10,1896,1909,local,False
orichi,Orichi,2,10,1896,1909,local,False
majoda,Majoda,2,10,1896,1909,local,True
river_by,River. By,2,10,1896,1909,local,True
bathurst_islands,Bathurst Islands,1,10,1896,1909,local,True
mount_torrens,Mount Torrens,1,10,1896,1917,local,True
ramoutsu,Ramoutsu,3,10,1897,1966,local,False
ground,Ground,3,10,1897,1963,local,False
by_government_notice,By Government Notice,3,10,1898,1951,local,False
peterborough,Peterborough,2,10,1898,1922,local,False
mt_magnet,Mt. Magnet,1,10,1898,1917,local,True
hawaiian_islands,Hawaiian Islands,4,10,1900,1940,local,True
foulah_empire,Foulah Empire,1,10,1900,1908,local,False
port_of_northern_nigeria,Port of Northern Nigeria,1,10,1900,1913,local,True
cape_flats,Cape Flats,1,10,1905,1909,local,True
howick,Howick,2,10,1905,1922,local,False
habe,Habe,2,10,1905,1914,local,False
kaduna_river,Kaduna River,2,10,1905,1914,local,True
niger_valley,Niger Valley,2,10,1905,1914,local,True
usho,Usho,2,10,1905,1909,local,False
ogbesere,Ogbesere,2,10,1905,1909,local,False
owese_river,Owese River,2,10,1905,1909,local,True
krepri,Krepri,2,10,1905,1931,local,False
port_of_spain_town_commissioners,Port of Spain Town Commissioners,2,10,1905,1914,local,True
spain_town_commissioners,Spain Town Commissioners,2,10,1905,1914,local,True
muar_river,Muar River,5,10,1906,1936,local,True
praslin_district,Praslin District,1,10,1908,1937,local,True
fulani_empire,Fulani Empire,2,10,1910,1914,local,False
manoh_river,Manoh River,1,10,1912,1922,local,True
river_turkwel,River Turkwel,1,10,1914,1925,local,True
brohimi_creek,Brohimi Creek,1,10,1915,1927,local,True
ogbomosho,Ogbomosho,2,10,1915,1959,local,False
vere_clarendon,Vere Clarendon,1,10,1918,1928,local,True
kolonnawa,Kolonnawa,1,10,1920,1946,local,False
cape_delgado,Cape Delgado,2,10,1920,1963,local,True
on_fanning_island,On Fanning Island,4,10,1924,1946,local,True
south_nyeri,South Nyeri,2,10,1925,1939,local,False
new_juaben,New Juaben,2,10,1927,1939,local,False
fresh_creek,Fresh Creek,2,10,1928,1946,local,True
st_nazaire_line,St. Nazaire Line,1,10,1928,1940,local,True
sulaimaniya,Sulaimaniya,1,10,1928,1932,local,False
dick,Dick,2,10,1928,1939,local,False
kalangala,Kalangala,1,10,1928,1940,local,False
weligama,Weligama,1,10,1929,1946,local,False
lake_scheme,Lake Scheme,1,10,1930,1940,local,True
vostoc_island,Vostoc Island,2,10,1930,1951,local,True
nilotic_kavirondo,Nilotic Kavirondo,1,10,1932,1951,local,False
lake_solai,Lake Solai,3,10,1932,1950,local,True
far_interior,Far Interior,1,10,1933,1951,local,False
cameron_highlands,Cameron Highlands,3,10,1934,1957,local,False
nikunau,Nikunau,5,10,1934,1950,local,True
war_bay,War Bay,3,10,1936,1951,local,True
bloody_bay,Bloody Bay,3,10,1936,1951,local,True
great_desert,Great Desert,1,10,1939,1940,local,False
sultanates,Sultanates,2,10,1939,1963,local,False
athi_river,Athi River,3,10,1939,1952,local,True
port_sudan,Port Sudan,2,10,1940,1956,trading_partner,True
aden_bay,Aden Bay,1,10,1946,1951,local,True
the_aden_peninsula,The Aden Peninsula,1,10,1946,1951,local,True
al_khali,Al Khali,1,10,1946,1951,local,False
protectorate_lands_ordinance,Protectorate Lands Ordinance,2,10,1946,1950,local,False
jola,Jola,2,10,1946,1965,local,False
fort_simonds,Fort Simonds,1,10,1946,1951,local,True
homa_bay,Homa Bay,1,10,1948,1951,local,True
berhala_island,Berhala Island,1,10,1948,1958,local,True
santo,Santo,1,10,1948,1957,local,True
malaysians,Malaysians,2,10,1951,1957,local,False
lantao_island,Lantao Island,1,10,1952,1966,local,True
board_schools,Board Schools,2,10,1953,1962,local,False
port_georgetown,Port Georgetown,1,10,1953,1962,local,True
fort_george_hotel,Fort George Hotel,1,10,1953,1962,local,True
district_head,District Head,2,10,1953,1962,local,True
city_hall,City Hall,2,10,1953,1966,local,False
presidential_legislatures,Presidential Legislatures,2,10,1953,1957,local,False
river_transport_service_board,River Transport Service Board,1,10,1953,1963,local,True
mount_stanley,Mount Stanley,2,10,1953,1962,local,True
zanzibar_electricity_scheme,Zanzibar Electricity Scheme,1,10,1953,1963,local,False
calophyllum,Calophyllum,1,10,1953,1963,local,False
saguenay_river,Saguenay River,1,10,1954,1963,local,True
caldecott_hill,Caldecott Hill,2,10,1954,1963,local,True
bottle_creek,Bottle Creek,1,10,1955,1966,local,True
port_howard,Port Howard,2,10,1961,1966,local,True
big_bend,Big Bend,1,10,1965,1966,local,False
tide_waiters,Tide Waiters,4,9,1867,1924,local,False
areka,Areka,1,9,1877,1890,local,False
palms,Palms,1,9,1877,1890,local,False
gansabawas,Gansabawas,1,9,1877,1932,local,False
isipingo_river,Isipingo River,1,9,1877,1890,local,True
trinity_bay,Trinity Bay,1,9,1877,1883,local,True
mara,Mara,3,9,1878,1924,local,False
vacant_estates,Vacant Estates,4,9,1878,1934,local,False
sligo,Sligo,2,9,1879,1961,local,False
windward_district,Windward District,4,9,1879,1932,local,True
cacao,Cacao,3,9,1886,1951,local,False
the_xesibe,The Xesibe,1,9,1888,1909,local,False
montagu,Montagu,1,9,1888,1905,local,True
cape_police,Cape Police,1,9,1888,1905,local,True
barkly,Barkly,2,9,1888,1924,local,True
st_brandon_group,St. Brandon Group,1,9,1888,1900,local,True
the_chagos_islands,The Chagos Islands,1,9,1888,1900,local,True
eagle_islands,Eagle Islands,1,9,1888,1900,local,True
cosmoledo_islands,Cosmoledo Islands,1,9,1888,1900,local,True
wyndham,Wyndham,2,9,1888,1917,local,True
molopo_river,Molopo River,1,9,1889,1894,local,True
krikor,Krikor,4,9,1889,1907,local,False
cape_the,Cape. The,4,9,1890,1914,local,True
rawson,Rawson,2,9,1890,1917,local,False
lord_howe_island,Lord Howe Island,3,9,1890,1907,local,True
salt_island,Salt Island,3,9,1890,1946,local,True
southern_solomon_islands,Southern Solomon Islands,2,9,1890,1948,local,True
biddulph,Biddulph,2,9,1894,1959,local,False
pilot_mountain,Pilot Mountain,1,9,1894,1917,local,True
macintyre_river,Macintyre River,1,9,1894,1917,local,True
macauay,Macauay,1,9,1894,1922,local,False
akpayafe,Akpayafe,3,9,1894,1900,local,False
anum,Anum,4,9,1894,1950,local,False
pram_pram,Pram Pram,4,9,1894,1908,local,False
kormantine,Kormantine,4,9,1894,1949,local,True
kokofu,Kokofu,4,9,1894,1950,local,False
upper_benue,Upper Benue,3,9,1894,1909,local,False
roe,Roe,1,9,1894,1917,local,False
tanganyika_district,Tanganyika District,4,9,1896,1930,local,True
conjugal_condition,Conjugal Condition,1,9,1896,1909,local,False
ogun_river,Ogun River,2,9,1896,1909,local,True
ketou,Ketou,1,9,1896,1899,local,True
valetta,Valetta,2,9,1896,1951,local,False
south_western_district,South Western District,2,9,1896,1939,local,True
tobacco_cultivation,Tobacco Cultivation,2,9,1896,1917,local,False
mt_morgan,Mt. Morgan,1,9,1896,1917,local,True
bakhatla,Bakhatla,2,9,1897,1911,local,False
minor,Minor,3,9,1897,1949,local,False
oshun_river,Oshun River,2,9,1897,1909,local,True
tarkum,Tarkum,2,9,1900,1914,local,False
lake_victoria_nyanza,Lake Victoria Nyanza,3,9,1900,1925,local,True
stanley_rae,Stanley Rae,1,9,1905,1913,local,False
beyrouth,Beyrouth,2,9,1905,1956,trading_partner,True
class_compositors,Class Compositors,4,9,1905,1915,local,False
rakaanga,Rakaanga,1,9,1905,1922,local,False
kotabelud,Kotabelud,1,9,1905,1936,local,False
wankie_district,Wankie District,2,9,1905,1920,local,True
songo_davies,Songo Davies,1,9,1906,1937,local,False
klang_river,Klang River,4,9,1908,1936,local,True
shire_rivers,Shire Rivers,2,9,1908,1951,local,False
trusun_river,Trusun River,1,9,1908,1962,local,True
montgomerie_gordon,Montgomerie Gordon,3,9,1908,1917,local,False
northern_river,Northern River,1,9,1911,1920,local,True
the_lord_islington,The Lord Islington,3,9,1911,1924,local,False
bluff_channel,Bluff Channel,1,9,1912,1922,local,True
point_capucin,Point Capucin,1,9,1913,1922,local,True
warri_river,Warri River,2,9,1913,1951,local,True
riviere_noire,Riviere Noire,1,9,1915,1950,local,False
printers,Printers,4,9,1915,1963,local,False
mount_ophir,Mount Ophir,5,9,1918,1936,local,True
traces,Traces,2,9,1919,1951,local,False
kuwait,Kuwait,3,9,1921,1959,local,True
upper_jordan_valley,Upper Jordan Valley,1,9,1921,1932,local,True
entertainment,Entertainment,3,9,1922,1958,local,False
dehiwala,Dehiwala,1,9,1923,1946,local,False
joint_distribution_committee,Joint Distribution Committee,1,9,1923,1933,local,False
rockefeller_institute,Rockefeller Institute,1,9,1923,1933,local,False
samaritans,Samaritans,1,9,1923,1933,local,False
vaads,Vaads,1,9,1923,1934,local,False
maluti,Maluti,3,9,1924,1966,local,False
turtles,Turtles,1,9,1925,1934,local,False
shaye,Shaye,1,9,1925,1934,local,False
matoki_chiefdoms,Matoki Chiefdoms,1,9,1925,1934,local,False
kagboro,Kagboro,1,9,1925,1934,local,False
volta_river_district,Volta River District,3,9,1925,1934,trading_partner,True
mainland,Mainland,2,9,1925,1939,local,False
new_ireland,New Ireland,2,9,1925,1939,local,False
mt_lavinia,Mt. Lavinia,1,9,1927,1946,local,True
beoku_betts,Beoku Betts,1,9,1928,1956,local,False
famagusta_harbour,Famagusta Harbour,1,9,1929,1940,local,True
tai_kok_tsui,Tai Kok Tsui,1,9,1929,1940,local,False
lake_steamer_service,Lake Steamer Service,1,9,1930,1940,local,True
san_sebastian_canal_locks,San Sebastian Canal Locks,1,9,1931,1940,local,True
shamshuipo,Shamshuipo,1,9,1931,1940,local,False
machili_river,Machili River,1,9,1931,1946,local,True
kangar,Kangar,4,9,1931,1951,local,False
kisumu_londiani,Kisumu-Londiani,2,9,1932,1949,local,False
ramle,Ramle,1,9,1932,1946,trading_partner,True
highest,Highest,3,9,1932,1940,local,False
the_kafue_river,The Kafue River,1,9,1936,1951,local,True
york_islands,York Islands,1,9,1936,1951,local,True
bure_chiefdoms,Bure Chiefdoms,1,9,1936,1951,local,False
nonkoba_bullom,Nonkoba Bullom,1,9,1936,1951,local,False
port_loko_creek,Port Loko Creek,1,9,1936,1951,local,True
lingua_franca,Lingua Franca,3,9,1936,1951,local,False
anglo_egyptian_sudan,Anglo-Egyptian Sudan,4,9,1939,1952,local,False
out_island,Out Island,2,9,1946,1966,local,True
boys_school,Boys School,3,9,1946,1957,local,False
kanuku_mountains,Kanuku Mountains,1,9,1946,1951,local,True
lugbara,Lugbara,3,9,1946,1962,local,False
kra_peninsula,Kra Peninsula,2,9,1948,1957,local,True
langkawi_islands,Langkawi Islands,2,9,1948,1957,local,True
ogo,Ogo,2,9,1951,1960,local,False
bahamas_airways,Bahamas Airways,1,9,1952,1960,local,False
district_councils_ordinance,District Councils Ordinance,1,9,1952,1960,local,False
chiefdom,Chiefdom,1,9,1952,1960,local,False
mount_hillaby,Mount Hillaby,1,9,1953,1966,local,True
civil_war,Civil War,1,9,1953,1966,local,False
royalists,Royalists,1,9,1953,1966,local,False
cromwellian,Cromwellian,1,9,1953,1966,local,False
carlisle_patent,Carlisle Patent,1,9,1953,1966,local,False
exchange_equalization_fund,Exchange Equalization Fund,1,9,1953,1961,local,False
pegalan_river,Pegalan River,1,9,1953,1962,local,True
river_the_keningau,River. The Keningau,1,9,1953,1962,local,True
the_zambezi_river,The Zambezi River,1,9,1953,1962,local,True
assistance,Assistance,4,9,1953,1966,local,False
the_government_information,The Government Information,3,9,1953,1966,local,False
sukuma,Sukuma,1,9,1953,1961,local,False
nyamwezi,Nyamwezi,1,9,1953,1961,local,False
makonde,Makonde,1,9,1953,1961,local,False
gogo,Gogo,1,9,1953,1961,local,False
haya,Haya,1,9,1953,1961,local,False
chagga,Chagga,1,9,1953,1961,local,False
malagarasi_river,Malagarasi River,1,9,1953,1961,local,True
ruhuhu_river,Ruhuhu River,1,9,1953,1961,local,True
ruvuma_river,Ruvuma River,1,9,1953,1961,local,True
land_alienation_decree,Land Alienation Decree,1,9,1953,1963,local,False
land_alienation_board,Land Alienation Board,1,9,1953,1963,local,False
vitex,Vitex,1,9,1953,1961,local,False
artocarpus,Artocarpus,1,9,1953,1961,local,False
st_kitts_nevis_anguilla,St. Kitts-Nevis-Anguilla,1,9,1955,1958,local,True
signy_island,Signy Island,3,9,1956,1965,local,True
horseshoe_island,Horseshoe Island,3,9,1956,1966,local,True
bahamas_legislature,Bahamas Legislature,2,9,1957,1965,local,False
free_port_authority,Free Port Authority,2,9,1957,1965,local,False
the_bahamas_government,The Bahamas Government,2,9,1957,1965,local,False
sage_mountain,Sage Mountain,2,9,1958,1966,local,True
virgin_peak,Virgin Peak,2,9,1958,1966,local,False
soper,Soper,2,9,1958,1966,local,False
suckling,Suckling,2,9,1958,1966,local,False
virgin_islands_constitution,Virgin Islands Constitution,2,9,1958,1966,local,False
the_tortola_cottage,The Tortola Cottage,2,9,1958,1966,local,False
beef_island,Beef Island,2,9,1958,1966,local,True
cottage_hospitals,Cottage Hospitals,4,9,1959,1966,local,False
ngwenyama,Ngwenyama,1,9,1962,1966,local,False
the_bechuanaland_protectorate,The Bechuanaland Protectorate,4,9,1962,1966,local,False
united_nations_technical,United Nations Technical,3,9,1963,1966,local,False
port_office,Port Office,5,8,1867,1937,local,True
dondera_head,Dondera Head,1,8,1867,1890,local,True
factory,Factory,3,8,1867,1899,local,False
in_malacca,In Malacca,2,8,1867,1907,local,False
john_scott,John Scott,3,8,1867,1920,local,False
fah,Fah,2,8,1867,1900,local,False
main_island,Main Island,3,8,1877,1946,local,True
walwich_bay,Walwich Bay,1,8,1877,1888,local,True
palmyrah,Palmyrah,1,8,1877,1890,local,False
fredericton,Fredericton,2,8,1877,1909,local,True
in_northern_district,In Northern District,2,8,1877,1890,local,True
deniliquin,Deniliquin,2,8,1878,1906,local,False
mount_remarkable,Mount Remarkable,1,8,1878,1917,local,True
streaky_bay,Streaky Bay,1,8,1878,1917,local,True
oliphant,Oliphant,3,8,1878,1883,local,False
cinchona,Cinchona,1,8,1879,1890,local,False
morgan,Morgan,2,8,1883,1917,local,False
by_proclamation_no,By Proclamation No,2,8,1888,1951,local,False
municipal_government,Municipal Government,4,8,1888,1950,local,False
cor,Cor,3,8,1888,1917,local,False
bay_mining,Bay Mining,1,8,1888,1899,local,True
eagle_island,Eagle Island,1,8,1889,1900,local,True
encounter_bay,Encounter Bay,1,8,1889,1900,local,True
gough_island,Gough Island,3,8,1890,1908,local,True
bayley,Bayley,1,8,1890,1905,local,False
vanapa,Vanapa,2,8,1890,1917,local,False
sprattley_island,Sprattley Island,4,8,1894,1933,local,True
molopo,Molopo,2,8,1894,1909,local,False
rustan,Rustan,1,8,1894,1940,local,True
moormen,Moormen,1,8,1894,1906,local,False
tenterfield_creek,Tenterfield Creek,1,8,1894,1917,local,True
macpherson_range,Macpherson Range,1,8,1894,1917,local,False
old_calabar_river,Old Calabar River,3,8,1894,1900,local,True
the_sisters,The Sisters,1,8,1894,1922,local,False
fort_maguire,Fort Maguire,3,8,1896,1905,local,True
aqua,Aqua,3,8,1896,1909,local,False
calabar_river,Calabar River,4,8,1896,1914,local,True
gereformeerde_kerk,Gereformeerde Kerk,1,8,1896,1908,local,False
the_maldivian_archipelago,The Maldivian Archipelago,1,8,1896,1946,local,False
kuka,Kuka,2,8,1896,1909,local,False
at_bathurst,At Bathurst,1,8,1896,1917,local,False
hunter_district,Hunter District,1,8,1896,1917,local,True
dubbo,Dubbo,1,8,1896,1917,local,False
peak_downs,Peak Downs,2,8,1896,1917,local,False
robins_island,Robins Island,1,8,1896,1917,local,True
cocos_island,Cocos Island,3,8,1897,1932,local,True
metropolitan_district,Metropolitan District,2,8,1897,1917,local,True
ode,Ode,2,8,1899,1909,local,False
sec,Sec,4,8,1899,1927,local,False
mount_lyell_mining,Mount Lyell Mining,1,8,1899,1917,local,True
ras_jibuti,Ras Jibuti,3,8,1900,1951,local,False
cowie_harbour,Cowie Harbour,1,8,1900,1940,local,True
kinabatangan_river,Kinabatangan River,1,8,1900,1913,local,True
egyptian_sudan,Egyptian Sudan,2,8,1900,1914,local,False
freight,Freight,1,8,1905,1912,local,False
lic,Lic,3,8,1905,1950,local,False
ologi,Ologi,2,8,1905,1912,local,False
ethiope,Ethiope,2,8,1905,1912,local,False
the_engenni,The Engenni,2,8,1905,1912,local,False
express_service,Express Service,3,8,1905,1931,local,False
rudolph,Rudolph,1,8,1905,1913,local,False
mt_morgans,Mt. Morgans,1,8,1905,1917,local,True
sikh_troops,Sikh Troops,2,8,1906,1913,local,False
printing_branch,Printing Branch,3,8,1906,1929,local,False
acora,Acora,3,8,1906,1937,local,False
scots_guards,Scots Guards,4,8,1907,1932,local,False
horton_jones,Horton-Jones,2,8,1907,1915,local,False
mwatate,Mwatate,3,8,1908,1950,local,False
each_district,Each District,4,8,1908,1929,local,True
milanje,Milanje,1,8,1908,1934,local,False
le_vieux,Le Vieux,2,8,1908,1936,local,False
jean_louis,Jean Louis,2,8,1908,1934,local,False
fulahs,Fulahs,2,8,1909,1933,local,False
fort_william,Fort William,4,8,1909,1960,local,True
bremerstorp,Bremerstorp,1,8,1909,1927,local,False
middleton_river,Middleton River,2,8,1910,1914,local,True
boucher_hill,Boucher Hill,1,8,1910,1918,local,True
eleuthers,Eleuthers,1,8,1911,1940,local,False
koinadugu_district,Koinadugu District,1,8,1911,1922,local,True
serving,Serving,4,8,1913,1919,local,False
zoutpansberg_district,Zoutpansberg District,1,8,1913,1922,local,True
katherine_river,Katherine River,3,8,1914,1920,local,True
maldivian_islands,Maldivian Islands,1,8,1914,1934,trading_partner,True
union_island,Union Island,2,8,1917,1948,local,True
blumut_hills,Blumut Hills,5,8,1918,1936,local,True
setul,Setul,5,8,1918,1951,local,True
st_joseph_convent_school,St. Joseph Convent School,3,8,1918,1925,local,True
males,Males,4,8,1919,1951,local,False
leribe_district,Leribe District,1,8,1920,1923,local,True
mafeteng_district,Mafeteng District,1,8,1920,1923,local,True
quthing_district,Quthing District,1,8,1920,1923,local,True
nek_district,Nek District,1,8,1920,1923,local,True
mail_steamers,Mail Steamers,3,8,1920,1928,local,False
bull_line,Bull Line,3,8,1920,1928,local,False
leeward_caribbee_islands,Leeward Caribbee Islands,3,8,1921,1948,local,True
transport_co,Transport Co,4,8,1923,1949,local,False
river_service,River Service,3,8,1923,1937,local,True
the_palestine_land,The Palestine Land,1,8,1923,1932,local,False
carmel,Carmel,1,8,1923,1932,local,False
kishon,Kishon,1,8,1923,1932,local,False
malayalees,Malayalees,1,8,1924,1946,local,False
lower_lokko,Lower Lokko,1,8,1925,1933,local,False
southern_rhodesian,Southern Rhodesian,3,8,1925,1955,local,True
langkon,Langkon,1,8,1927,1936,local,False
saint_helen,Saint Helen,2,8,1927,1933,trading_partner,True
upper_volta,Upper Volta,1,8,1928,1934,local,False
keta_ada,Keta-Ada,1,8,1928,1940,local,False
north_nyeri,North Nyeri,1,8,1929,1939,local,False
malabars,Malabars,1,8,1930,1932,local,False
aboriginals,Aboriginals,1,8,1931,1950,local,False
virgin_islands_group,Virgin Islands Group,1,8,1931,1940,local,False
first_district,First District,1,8,1931,1932,local,True
sabaki_river,Sabaki River,1,8,1932,1948,local,True
manda_islands,Manda Islands,1,8,1932,1948,local,True
lamu_island,Lamu Island,1,8,1932,1948,local,True
kambui_hills,Kambui Hills,1,8,1932,1940,local,True
kono_district,Kono District,1,8,1932,1940,local,True
nzima,Nzima,2,8,1932,1940,local,False
sinai,Sinai,1,8,1933,1946,local,True
gulf_of_aqaba,Gulf of Aqaba,1,8,1933,1937,local,True
lake_tiberias,Lake Tiberias,1,8,1933,1946,local,True
wadi,Wadi,1,8,1933,1946,local,False
kabala,Kabala,1,8,1934,1951,local,False
kagboro_bagru,Kagboro-Bagru,1,8,1936,1951,local,False
mount_zulia,Mount Zulia,2,8,1936,1951,local,True
saint_pierre,Saint Pierre,1,8,1937,1951,local,True
the_kittam_river,The Kittam River,1,8,1937,1951,local,True
st_monica,St. Monica,1,8,1946,1950,local,True
fort_hare,Fort Hare,4,8,1946,1963,local,True
dominican,Dominican,2,8,1946,1951,local,False
nile_congo,Nile-Congo,2,8,1946,1951,local,False
acholi,Acholi,2,8,1946,1951,local,False
alur,Alur,2,8,1946,1951,local,False
hima,Hima,2,8,1946,1951,local,False
vanikoro,Vanikoro,2,8,1946,1963,local,True
ibans,Ibans,1,8,1948,1963,local,False
kenyah,Kenyah,1,8,1949,1957,local,False
the_cocos_keeling_islands,The Cocos-Keeling Islands,2,8,1950,1958,local,True
protectorate_advisory_council,Protectorate Advisory Council,2,8,1951,1959,local,False
owen_falls,Owen Falls,2,8,1951,1962,local,True
accra_plains,Accra Plains,2,8,1953,1956,local,True
the_cameroons_mountain,The Cameroons Mountain,2,8,1953,1960,local,True
great_river,Great River,2,8,1953,1960,local,True
holland_west_africa,Holland West Africa,2,8,1953,1959,local,False
the_colony_peninsula,The Colony Peninsula,1,8,1953,1960,local,True
rising,Rising,1,8,1953,1960,local,False
tribal_authority,Tribal Authority,1,8,1953,1960,local,False
an_outline,An Outline,1,8,1953,1960,local,False
protectorate_literature_bureau,Protectorate Literature Bureau,1,8,1953,1960,local,False
bonthe_river,Bonthe River,1,8,1953,1960,local,True
the_brocklebank_line,The Brocklebank Line,2,8,1953,1960,local,False
mfuu,Mfuu,1,8,1953,1961,local,False
olive_branch,Olive Branch,1,8,1954,1966,local,False
cowes,Cowes,1,8,1954,1966,local,False
constitutional_instruments,Constitutional Instruments,1,8,1954,1966,local,False
mombasa_institute,Mombasa Institute,2,8,1954,1963,local,False
inland_waterways,Inland Waterways,3,8,1955,1960,local,False
masingini_ridge,Masingini Ridge,1,8,1955,1963,local,False
pemba_airport,Pemba Airport,1,8,1955,1963,local,False
hawksbill_creek,Hawksbill Creek,2,8,1957,1965,local,True
duse_bay,Duse Bay,3,8,1957,1964,local,True
in_anegada,In Anegada,2,8,1958,1966,local,False
miri_urban_district,Miri Urban District,1,8,1958,1961,local,True
sematan,Sematan,1,8,1959,1963,trading_partner,True
oil_refinery,Oil Refinery,2,8,1961,1965,local,False
libandla,Libandla,1,8,1962,1966,local,False
south_orkney_islands,South Orkney Islands,3,8,1963,1966,local,True
cts,Cts,1,8,1964,1965,local,False
st_john_fancourt,St. John Fancourt,3,7,1867,1888,local,True
southern_charibbee_islands,Southern Charibbee Islands,5,7,1867,1880,local,True
georgia,Georgia,3,7,1867,1956,local,True
cocoanuts,Cocoanuts,3,7,1877,1932,local,False
southern_hemisphere,Southern Hemisphere,1,7,1877,1888,local,False
gate,Gate,2,7,1877,1952,local,False
river_convention,River Convention,3,7,1878,1908,local,True
north_district,North District,3,7,1878,1900,local,True
sangamankande,Sangamankande,1,7,1879,1921,local,False
mahomedans,Mahomedans,2,7,1880,1923,local,False
lighthouse_keeper,Lighthouse Keeper,4,7,1880,1912,local,False
emigrant_tambookieland,Emigrant Tambookieland,1,7,1883,1909,local,False
larnaka,Larnaka,1,7,1883,1888,local,True
mount_ida,Mount Ida,1,7,1883,1909,local,True
nomans_land,Nomans Land,2,7,1888,1922,local,False
mount_ayllif,Mount Ayllif,1,7,1888,1908,local,True
baakens_river,Baakens River,1,7,1888,1900,local,True
danish_islands,Danish Islands,2,7,1888,1910,local,True
los,Los,1,7,1888,1900,local,False
medicines,Medicines,1,7,1889,1924,local,False
st_xavier,St. Xavier,1,7,1889,1924,local,True
st_quintin,St. Quintin,2,7,1889,1900,local,True
gan,Gan,2,7,1889,1923,local,False
southern_islands,Southern Islands,3,7,1889,1900,local,True
balembangan,Balembangan,3,7,1890,1900,local,True
umzimkulu,Umzimkulu,2,7,1890,1909,local,True
cape_chidley,Cape Chidley,1,7,1890,1906,local,True
port_essington,Port Essington,2,7,1890,1917,local,True
vickery_drysdale,Vickery Drysdale,3,7,1890,1900,local,False
head_keeper,Head Keeper,4,7,1890,1927,local,False
plantain_garden_river,Plantain Garden River,1,7,1894,1951,local,True
censuses,Censuses,4,7,1894,1948,local,False
mount_lyell,Mount Lyell,1,7,1894,1900,local,True
leopold,Leopold,2,7,1894,1930,local,False
dirk_hartog_island,Dirk Hartog Island,1,7,1894,1917,local,True
the_southern_solomon_islands,The Southern Solomon Islands,1,7,1894,1907,local,True
uruan,Uruan,1,7,1896,1900,local,False
cockcomb_mountains,Cockcomb Mountains,1,7,1896,1934,local,True
river_zambezi,River Zambezi,4,7,1896,1907,local,True
st_swithin,St. Swithin,3,7,1896,1900,local,True
fort_anderson,Fort Anderson,3,7,1896,1905,local,True
christmas_day,Christmas Day,1,7,1896,1910,local,False
viscount_hampden,Viscount Hampden,1,7,1896,1905,local,False
penalty,Penalty,1,7,1896,1906,local,False
armidale,Armidale,2,7,1897,1917,local,False
sambana,Sambana,2,7,1897,1910,local,False
okeodan,Okeodan,2,7,1898,1908,local,False
freshwater_bay,Freshwater Bay,2,7,1899,1917,local,True
mount_yule,Mount Yule,2,7,1899,1917,local,True
fly_river,Fly River,2,7,1899,1917,local,True
the_purari_river,The Purari River,2,7,1899,1917,local,True
cape_nelson,Cape Nelson,2,7,1899,1917,local,True
gira_river,Gira River,2,7,1899,1917,local,True
cape_locomotive_department,Cape Locomotive Department,1,7,1899,1909,local,True
filabusi,Filabusi,2,7,1899,1909,local,False
at_shark_bay,At Shark Bay,1,7,1899,1909,local,True
labuan_island,Labuan Island,1,7,1900,1963,local,True
lado,Lado,1,7,1900,1911,local,False
river_saratoon,River Saratoon,1,7,1905,1934,local,True
storms_river,Storms River,1,7,1905,1909,local,True
guano_islands,Guano Islands,1,7,1905,1909,local,True
omoloma,Omoloma,2,7,1905,1909,local,True
avarau,Avarau,1,7,1905,1918,local,False
mount_leonora,Mount Leonora,1,7,1905,1917,local,True
tucopia_islands,Tucopia Islands,2,7,1905,1913,local,True
woodlark_island,Woodlark Island,2,7,1906,1917,trading_partner,True
baptists,Baptists,4,7,1906,1950,local,False
river_turkwell,River Turkwell,1,7,1907,1915,local,True
big_falls,Big Falls,1,7,1908,1920,local,True
western_frontier,Western Frontier,2,7,1908,1915,local,False
kotabulud,Kotabulud,1,7,1908,1939,local,False
st_jorre,St. Jorre,1,7,1908,1937,local,True
dikoa,Dikoa,2,7,1909,1922,local,False
sai,Sai,2,7,1910,1951,local,False
sleeping_sickness,Sleeping Sickness,3,7,1910,1950,local,False
lyeeun_pass,Lyeeun Pass,1,7,1911,1934,local,False
rundum,Rundum,2,7,1912,1925,local,False
gulf_ports,Gulf Ports,1,7,1915,1963,local,True
maldive_islands,Maldive Islands,1,7,1915,1939,trading_partner,True
lyceum_pass,Lyceum Pass,1,7,1915,1940,local,False
st_pierre_bunbury,St. Pierre Bunbury,1,7,1917,1925,local,True
falkland_island,Falkland Island,2,7,1917,1966,local,True
terutau,Terutau,5,7,1918,1936,local,True
the_kelantan_river,The Kelantan River,4,7,1918,1936,local,True
river_sanglang,River Sanglang,5,7,1919,1936,local,True
santa_appolonia,Santa Appolonia,1,7,1919,1932,local,True
hoek_district,Hoek District,1,7,1920,1923,local,True
lagos_express_service,Lagos Express Service,3,7,1920,1927,local,False
sunnis,Sunnis,2,7,1921,1932,local,False
safed,Safed,1,7,1921,1933,local,False
port_lokko,Port Lokko,1,7,1921,1927,local,True
witu_protectorate,Witu Protectorate,2,7,1922,1930,local,False
kabarnet,Kabarnet,3,7,1922,1950,local,False
the_northern_frontier_district,The Northern Frontier District,2,7,1922,1939,local,True
omar,Omar,4,7,1923,1955,local,False
piers,Piers,2,7,1924,1957,local,False
the_northern_frontier,The Northern Frontier,2,7,1925,1934,local,False
fortune_island,Fortune Island,1,7,1928,1934,local,True
northern_desert,Northern Desert,1,7,1928,1936,local,False
the_coastal,The Coastal,1,7,1928,1936,local,False
lake_asphalt,Lake Asphalt,1,7,1928,1940,local,True
ambalangoda,Ambalangoda,1,7,1930,1946,local,False
courantyne,Courantyne,1,7,1931,1939,local,False
beginning,Beginning,1,7,1931,1939,local,False
generally,Generally,2,7,1931,1954,local,False
virgins,Virgins,3,7,1931,1950,local,False
frosts,Frosts,2,7,1932,1939,local,False
these_islands,These Islands,2,7,1932,1962,local,True
huleh_plain,Huleh Plain,1,7,1933,1946,local,True
coastal_plain,Coastal Plain,1,7,1933,1946,local,True
bake_loke,Bake Loke,1,7,1936,1951,local,False
niutao,Niutao,4,7,1936,1950,local,False
ngau,Ngau,1,7,1937,1951,local,False
marhubi,Marhubi,1,7,1937,1960,local,False
dhufar,Dhufar,1,7,1939,1951,local,False
brothers_islands,Brothers Islands,1,7,1939,1951,local,True
matanilla_reef,Matanilla Reef,3,7,1939,1950,local,True
cay_sal_bank,Cay Sal Bank,3,7,1939,1950,local,False
camaria_falls,Camaria Falls,1,7,1939,1951,local,True
aruka_river,Aruka River,1,7,1939,1951,local,True
barama_river,Barama River,1,7,1939,1951,local,True
amatuk_falls,Amatuk Falls,1,7,1939,1951,local,True
waratuk_falls,Waratuk Falls,1,7,1939,1951,local,True
stake_bay,Stake Bay,2,7,1939,1966,local,True
river_both,River. Both,1,7,1939,1951,local,True
first_urban_elected,First Urban Elected,1,7,1939,1951,local,False
second_urban_elected,Second Urban Elected,1,7,1939,1951,local,False
kigezi,Kigezi,2,7,1939,1951,local,False
st_george_butterfield,St. George Butterfield,2,7,1946,1953,local,True
the_fulbe,The Fulbe,2,7,1946,1950,local,False
ruwenzori_range,Ruwenzori Range,2,7,1946,1951,local,False
bahima,Bahima,2,7,1946,1951,local,False
lancashire,Lancashire,2,7,1948,1956,local,False
galla,Galla,2,7,1948,1951,local,False
kayan,Kayan,1,7,1948,1951,local,False
usambaras,Usambaras,1,7,1948,1951,local,False
st_mary_division,St. Mary Division,2,7,1948,1962,local,True
dusun,Dusun,2,7,1949,1958,local,False
singapore_district,Singapore District,2,7,1949,1955,local,True
sao_hill,Sao Hill,1,7,1949,1961,local,True
gilberts,Gilberts,2,7,1950,1963,local,False
guban,Guban,2,7,1951,1960,local,False
golis,Golis,2,7,1951,1958,local,False
venereal,Venereal,1,7,1953,1966,local,False
mount_olympus,Mount Olympus,1,7,1953,1959,local,True
presidential_legislature,Presidential Legislature,2,7,1953,1957,local,False
cocos_keeling_islands,Cocos-Keeling Islands,2,7,1953,1955,local,True
mohamed_abdulla_hassan,Mohamed Abdulla Hassan,2,7,1953,1960,local,False
radio_somali,Radio Somali,2,7,1953,1960,local,False
st_vincent_government_air,St. Vincent Government Air,2,7,1953,1957,local,True
throne,Throne,1,7,1953,1960,local,False
river_wiapoco,River Wiapoco,1,7,1954,1966,local,True
pernambuco,Pernambuco,1,7,1954,1965,local,False
the_extramural_department,The Extramural Department,1,7,1954,1960,local,False
protectorate_estimates,Protectorate Estimates,1,7,1955,1961,local,False
argentine_islands,Argentine Islands,2,7,1956,1962,local,True
stonington_island,Stonington Island,2,7,1956,1962,local,True
district_rural_units,District Rural Units,1,7,1956,1963,local,False
district_maternity_units,District Maternity Units,1,7,1956,1963,local,False
school_dental_service,School Dental Service,1,7,1956,1963,local,False
zanzibar_maternity_association,Zanzibar Maternity Association,1,7,1956,1963,local,False
the_copra_board,The Copra Board,1,7,1956,1963,local,False
kenya_protectorate,Kenya Protectorate,2,7,1957,1963,local,False
cloves,Cloves,1,7,1957,1963,local,False
isolation,Isolation,2,7,1958,1964,local,False
geriatrics,Geriatrics,2,7,1958,1964,local,False
out_island_clinics,Out Island Clinics,2,7,1958,1964,local,False
common_institutions,Common Institutions,1,7,1960,1966,local,False
joint_police_force,Joint Police Force,1,7,1960,1966,local,False
soqotra,Soqotra,1,7,1964,1965,local,True
st_bernard,St. Bernard,1,7,1964,1966,local,True
antarctic_peninsula,Antarctic Peninsula,3,7,1965,1966,local,True
hhohho,Hhohho,1,7,1965,1966,local,False
the_fraser_river,The Fraser River,2,6,1867,1883,local,True
cariboo,Cariboo,2,6,1867,1883,local,True
table_mountain,Table Mountain,1,6,1867,1909,local,True
johnstone_strait,Johnstone Strait,2,6,1867,1883,local,True
gulf_of_georgia,Gulf of Georgia,2,6,1867,1883,local,True
fuca_strait,Fuca Strait,2,6,1867,1883,local,True
working_expenses,Working Expenses,1,6,1877,1886,local,False
professional,Professional,2,6,1877,1961,local,False
the_fiji_islands,The Fiji Islands,1,6,1877,1886,local,True
cape_its,Cape. Its,1,6,1877,1888,local,True
saint_christopher,Saint Christopher,2,6,1877,1957,local,True
cyril,Cyril,3,6,1878,1913,local,False
magazine_keeper,Magazine Keeper,3,6,1878,1913,local,False
provincial_district,Provincial District,1,6,1883,1883,local,True
john_hill,John Hill,1,6,1886,1900,local,True
katunu,Katunu,2,6,1886,1889,local,True
returns,Returns,3,6,1886,1912,local,False
inn,Inn,3,6,1886,1966,local,False
missionary,Missionary,3,6,1888,1940,local,False
bushmen,Bushmen,4,6,1888,1966,local,False
cape_mounted_rifles,Cape Mounted Rifles,1,6,1888,1898,local,True
east_london_harbour,East London Harbour,1,6,1888,1890,local,True
nicosia_district,Nicosia District,1,6,1888,1898,local,True
hlobane_mountain,Hlobane Mountain,2,6,1888,1910,local,True
massouw,Massouw,1,6,1889,1894,local,False
stellalanders,Stellalanders,1,6,1889,1894,local,False
martin_west,Martin West,1,6,1889,1905,local,False
flinder,Flinder,1,6,1889,1899,local,False
salagha,Salagha,2,6,1889,1899,trading_partner,True
henry_thomas_wrenfordsley,Henry Thomas Wrenfordsley,1,6,1889,1900,local,False
gaya,Gaya,3,6,1890,1900,local,False
harding,Harding,2,6,1890,1900,local,False
stag,Stag,2,6,1890,1900,local,False
sydney_island,Sydney Island,3,6,1890,1919,local,True
flint_islands,Flint Islands,3,6,1890,1919,local,True
penrhyn_islands,Penrhyn Islands,3,6,1890,1919,local,True
penrhyn_island,Penrhyn Island,3,6,1890,1919,local,True
jarvis_island,Jarvis Island,3,6,1890,1919,local,True
new_york_island,New York Island,3,6,1890,1919,local,True
palmyra_island,Palmyra Island,3,6,1890,1919,local,True
anglican_rector,Anglican Rector,3,6,1890,1934,local,False
aron,Aron,3,6,1894,1933,local,True
roquelle_river,Roquelle River,2,6,1894,1900,local,True
st_aubyn,St. Aubyn,4,6,1894,1922,local,True
mount_dundas,Mount Dundas,1,6,1894,1900,local,True
esse_kuma,Esse Kuma,3,6,1894,1900,local,False
ejirin,Ejirin,2,6,1896,1909,local,False
gondwana,Gondwana,2,6,1897,1921,local,False
ketoum,Ketoum,1,6,1897,1900,local,True
lake_tonnage,Lake Tonnage,2,6,1898,1915,trading_partner,True
walfish_bay,Walfish Bay,1,6,1898,1909,local,True
port_of_newcastle,Port of Newcastle,1,6,1898,1917,local,True
lahat_datu,Lahat Datu,1,6,1898,1913,local,False
san_christoval,San Christoval,2,6,1898,1909,local,True
mount_lammas,Mount Lammas,2,6,1898,1908,local,True
the_angabunga_river,The Angabunga River,2,6,1899,1917,local,True
esperance_district,Esperance District,1,6,1899,1907,local,True
ashigiri,Ashigiri,1,6,1900,1909,local,False
fort_goldie,Fort Goldie,1,6,1900,1909,local,True
north_rockhampton,North Rockhampton,2,6,1900,1917,local,False
broadmount,Broadmount,2,6,1900,1917,local,True
river_on,River. On,2,6,1905,1909,local,True
raratonga,Raratonga,1,6,1905,1922,local,False
ida,Ida,3,6,1905,1927,local,False
akure,Akure,3,6,1905,1948,local,False
flinders_island,Flinders Island,1,6,1905,1917,local,True
mount_cameron,Mount Cameron,1,6,1905,1917,local,True
mount_nicholas,Mount Nicholas,1,6,1905,1917,local,True
census_committee,Census Committee,2,6,1905,1911,local,False
biques,Biques,2,6,1905,1930,local,False
northumberland_fusiliers,Northumberland Fusiliers,3,6,1905,1924,local,False
vertueil,Vertueil,3,6,1905,1934,local,False
napier_broome_bay,Napier Broome Bay,1,6,1905,1917,local,True
brunswick_bay,Brunswick Bay,1,6,1905,1917,local,True
collier_bay,Collier Bay,1,6,1905,1917,local,True
beagle_bay,Beagle Bay,1,6,1905,1917,local,True
lagrange_bay,Lagrange Bay,1,6,1905,1917,local,True
port_walcott,Port Walcott,1,6,1905,1917,local,True
geographe_bay,Geographe Bay,1,6,1905,1917,local,True
flinders_bay,Flinders Bay,1,6,1905,1917,local,True
bremer_bay,Bremer Bay,1,6,1905,1917,local,True
esperance_bay,Esperance Bay,1,6,1905,1917,local,True
bay_with,Bay. With,1,6,1905,1917,local,True
cape_londonderry,Cape Londonderry,1,6,1905,1917,local,True
cape_talbot,Cape Talbot,1,6,1905,1917,local,True
cape_bougainville,Cape Bougainville,1,6,1905,1917,local,True
cape_voltaire,Cape Voltaire,1,6,1905,1917,local,True
cape_torrens,Cape Torrens,1,6,1905,1917,local,True
cape_arid,Cape Arid,1,6,1905,1917,local,True
rottnest_islands,Rottnest Islands,1,6,1905,1917,local,True
christmas_creek,Christmas Creek,1,6,1905,1917,local,True
mount_bruce,Mount Bruce,1,6,1905,1917,local,True
brown_hill,Brown Hill,1,6,1905,1909,local,True
edward_albert_stone,Edward Albert Stone,1,6,1905,1917,local,False
mount_magnet,Mount Magnet,1,6,1905,1917,local,True
st_johns_kokstad_railway,St. Johns-Kokstad Railway,1,6,1906,1908,local,True
scylla,Scylla,3,6,1906,1910,local,False
river_bridge,River Bridge,3,6,1906,1909,local,True
cape_town_docks,Cape Town Docks,2,6,1908,1915,local,True
castle_smith,Castle Smith,3,6,1908,1931,local,False
curatelle,Curatelle,1,6,1908,1937,local,False
the_swazi,The Swazi,1,6,1908,1966,local,False
upper_district,Upper District,1,6,1909,1912,local,True
this_island,This Island,4,6,1909,1951,local,True
cloncurry,Cloncurry,2,6,1909,1917,local,True
corbett_davis,Corbett Davis,2,6,1909,1918,local,False
rivers_smith,Rivers-Smith,2,6,1909,1918,local,False
meteorological_observatory,Meteorological Observatory,1,6,1910,1939,local,False
ogobomosho,Ogobomosho,3,6,1910,1960,local,False
calgary,Calgary,2,6,1912,1922,local,False
clinton_greig,Clinton Greig,2,6,1912,1915,local,False
william_hill,William Hill,2,6,1914,1960,local,True
nigeria_boundaries_order,Nigeria Boundaries Order,1,6,1915,1922,local,True
bay_by,Bay. By,1,6,1917,1921,local,True
some,Some,3,6,1917,1966,local,False
gansabhwas,Gansabhwas,1,6,1918,1930,local,False
penang_harbour,Penang Harbour,2,6,1918,1936,local,True
semporna_mempakul,Semporna Mempakul,2,6,1918,1927,local,False
port_kilindini,Port. Kilindini,3,6,1920,1928,local,True
lyuemun_pass,Lyuemun Pass,1,6,1920,1936,local,False
caprivi_zipfel,Caprivi Zipfel,4,6,1924,1966,local,False
maldives_islands,Maldives Islands,1,6,1924,1932,trading_partner,True
pacific_island,Pacific Island,4,6,1924,1931,local,True
sumatras,Sumatras,2,6,1925,1936,local,False
the_solomon_islands,The Solomon Islands,3,6,1925,1963,local,True
arakwa_creek,Arakwa Creek,1,6,1927,1932,local,True
mongoba_bullon,Mongoba Bullon,1,6,1927,1933,local,False
sese_islands,Sese Islands,1,6,1927,1940,local,True
greek_islands,Greek Islands,1,6,1930,1937,local,True
foreigners,Foreigners,2,6,1930,1931,local,False
wasaw,Wasaw,1,6,1930,1939,local,False
union_islands,Union Islands,2,6,1930,1931,local,True
cyp,Cyp,1,6,1931,1937,local,False
port_of_kilifi,Port of Kilifi,1,6,1932,1939,local,True
port_of_malindi,Port of Malindi,1,6,1932,1939,local,True
port_of_lamu,Port of Lamu,1,6,1932,1939,local,True
sultan_zainal_abidin,Sultan Zainal Abidin,3,6,1932,1957,local,False
edina,Edina,1,6,1932,1940,local,False
borahs,Borahs,1,6,1933,1946,local,False
the_acre_plain,The Acre Plain,1,6,1933,1940,local,True
bukit_china,Bukit China,2,6,1933,1940,local,False
ashanti_akim_district,Ashanti Akim District,1,6,1933,1940,local,True
kumasi_district,Kumasi District,1,6,1933,1940,local,True
mampong_district,Mampong District,1,6,1933,1940,local,True
sunyani_district,Sunyani District,1,6,1933,1940,local,True
dagomba_district,Dagomba District,1,6,1933,1940,local,True
sri_vijaya,Sri-Vijaya,2,6,1934,1951,local,True
female,Female,1,6,1934,1952,local,False
bananas_islands,Bananas Islands,1,6,1934,1951,local,True
yalias,Yalias,1,6,1936,1949,local,False
the_masai_district,The Masai District,1,6,1936,1951,local,True
societies_department,Societies Department,3,6,1936,1965,local,False
district_hospital,District Hospital,3,6,1936,1959,local,False
meteorological,Meteorological,4,6,1937,1965,local,False
mifsud_bonnici,Mifsud Bonnici,1,6,1937,1959,local,False
wool_lewis,Wool-Lewis,2,6,1937,1960,local,False
minnehaha_river,Minnehaha River,1,6,1940,1951,local,True
kumaka_creek,Kumaka Creek,1,6,1940,1951,local,True
viti_levu_island,Viti Levu Island,1,6,1940,1951,local,True
banana_island,Banana Island,1,6,1940,1960,local,True
lauthala_bay,Lauthala Bay,2,6,1946,1954,local,True
wolof,Wolof,2,6,1946,1957,local,False
kafue_river,Kafue River,1,6,1946,1954,local,True
mercy_sisters,Mercy Sisters,2,6,1946,1951,local,False
land_dayak,Land Dayak,1,6,1948,1960,local,False
malaya_district,Malaya District,1,6,1949,1951,local,True
karagwe,Karagwe,1,6,1949,1951,local,False
ganda,Ganda,1,6,1949,1951,local,False
southern_sudan,Southern Sudan,1,6,1949,1951,local,False
the_lango,The Lango,1,6,1949,1951,local,False
river_project,River Project,3,6,1953,1960,local,True
runaway_bay,Runaway Bay,2,6,1953,1961,local,True
industries_board,Industries Board,3,6,1953,1964,local,False
government_secondary_grammar,Government Secondary Grammar,1,6,1953,1958,local,False
religious,Religious,2,6,1953,1958,local,False
st_vincent_government,St. Vincent Government,3,6,1953,1960,local,True
group_hospital,Group Hospital,2,6,1954,1960,local,False
wienke_island,Wienke Island,2,6,1956,1961,local,True
wete,Wete,1,6,1956,1963,local,False
the_oil_harbour,The Oil Harbour,2,6,1958,1963,local,True
oil_harbour,Oil Harbour,2,6,1958,1963,local,True
port_dues,Port Dues,2,6,1958,1966,local,True
court_fees,Court Fees,1,6,1958,1963,local,False
halley_bay,Halley Bay,3,6,1959,1965,local,True
fiji_currency_commissioners,Fiji Currency Commissioners,2,6,1960,1966,local,False
cunard_eagle_airways,Cunard Eagle Airways,2,6,1962,1963,local,False
cape_of_good_hope_notice,Cape of Good Hope Notice,3,6,1962,1966,local,True
graham_land_peninsula,Graham Land Peninsula,1,6,1963,1964,local,True
child_hygiene,Child Hygiene,1,6,1963,1966,local,False
national_roll,National Roll,1,6,1966,1966,local,False
port_morant,Port Morant,2,5,1867,1946,local,True
the_lagos,The Lagos,3,5,1867,1906,local,False
the_straits,The Straits,2,5,1867,1888,trading_partner,True
sherboro,Sherboro,3,5,1867,1911,local,True
agricultural_class,Agricultural Class,1,5,1877,1883,local,False
not_classified,Not Classified,1,5,1877,1883,local,False
fort_garry,Fort Garry,1,5,1877,1883,local,True
exportation,Exportation,1,5,1877,1883,local,True
importation,Importation,1,5,1877,1883,local,True
river_hong_kong,River. Hong Kong,1,5,1877,1883,local,True
malta_great_harbour,Malta Great Harbour,1,5,1877,1886,local,True
river_pass,River Pass,1,5,1877,1883,local,True
robben_island,Robben Island,1,5,1877,1883,local,True
tasmanian,Tasmanian,1,5,1877,1917,local,False
west_australia,West Australia,1,5,1877,1899,local,True
new_scotland,New Scotland,3,5,1878,1883,local,False
marico,Marico,3,5,1878,1883,local,True
bay_in,Bay. In,4,5,1878,1966,local,True
coote,Coote,1,5,1879,1890,local,False
channel_islands,Channel Islands,5,5,1880,1950,local,True
sandy_island,Sandy Island,2,5,1883,1890,local,True
st_johns,St. Johns,2,5,1883,1908,local,True
the_military,The Military,3,5,1886,1925,local,False
st_kilda,St. Kilda,2,5,1886,1917,local,True
regina,Regina,2,5,1888,1922,local,False
macauley,Macauley,2,5,1888,1912,local,False
williams_district,Williams District,2,5,1888,1907,local,True
at_sharks_bay,At Sharks Bay,1,5,1888,1898,local,True
the_goshenites,The Goshenites,1,5,1889,1894,local,False
walsh_bay,Walsh Bay,1,5,1889,1905,local,True
the_windward,The Windward,2,5,1889,1900,local,False
emigrant_tamboekieland,Emigrant Tamboekieland,1,5,1890,1907,local,False
suwarrow_island,Suwarrow Island,3,5,1890,1919,local,True
risely_griffith,Risely Griffith,3,5,1890,1948,local,False
maurice_power,Maurice Power,2,5,1890,1898,local,False
blackwood_river,Blackwood River,1,5,1890,1899,local,True
johnson_island,Johnson Island,2,5,1894,1919,local,True
river_pomeroon,River Pomeroon,1,5,1894,1900,local,True
new_calabar_river,New Calabar River,3,5,1894,1900,local,True
cameroon_mountains,Cameroon Mountains,3,5,1894,1900,local,True
butyrospermum_parkii,Butyrospermum Parkii,3,5,1894,1900,local,False
qua_ibo_river,Qua Ibo River,3,5,1894,1900,local,True
aride,Aride,1,5,1894,1900,local,False
tamaera,Tamaera,2,5,1894,1899,local,False
cockle_islands,Cockle Islands,2,5,1894,1900,local,True
mount_zeehan,Mount Zeehan,1,5,1894,1900,local,True
sharks_bay,Sharks Bay,1,5,1894,1900,local,True
bay_postal,Bay. Postal,1,5,1894,1900,local,True
umhlatusi_river,Umhlatusi River,2,5,1894,1907,local,True
river_juba,River Juba,3,5,1896,1905,local,True
lango,Lango,2,5,1896,1951,local,False
fort_lister,Fort Lister,2,5,1896,1898,local,True
breede_river_valley,Breede River Valley,1,5,1896,1900,local,True
cape_foot,Cape Foot,1,5,1896,1900,local,True
jesse_hill,Jesse Hill,1,5,1896,1900,local,True
transkei_district,Transkei District,1,5,1896,1909,local,True
cape_government_railway,Cape Government Railway,4,5,1896,1900,local,True
apiechow,Apiechow,1,5,1896,1922,local,False
awori_country,Awori Country,1,5,1896,1900,local,False
burram,Burram,1,5,1896,1917,local,False
pallinup,Pallinup,1,5,1896,1917,local,False
tongas,Tongas,2,5,1898,1910,local,False
mandingoese,Mandingoese,2,5,1898,1912,local,False
port_of_walfish_bay,Port of Walfish Bay,1,5,1899,1909,local,True
apleechow,Apleechow,1,5,1899,1923,local,False
natal_zululand_railway,Natal-Zululand Railway,1,5,1899,1907,local,False
lokojia,Lokojia,2,5,1900,1939,trading_partner,True
the_herberton,The Herberton,2,5,1900,1909,local,False
divisional_boards,Divisional Boards,2,5,1900,1963,local,False
baroteland,Baroteland,2,5,1900,1951,local,False
somer_islands,Somer Islands,1,5,1905,1909,local,True
river_estates,River Estates,1,5,1905,1909,local,True
manch,Manch,3,5,1905,1932,local,False
shekiri_country,Shekiri Country,2,5,1905,1909,local,False
awori,Awori,2,5,1905,1909,local,False
ofus_wena_river,Ofus Wena River,2,5,1905,1909,local,True
mangaias,Mangaias,1,5,1905,1922,local,False
lahat_dato,Lahat Dato,1,5,1905,1910,local,False
fort_birch,Fort Birch,1,5,1905,1910,local,True
caledon_river,Caledon River,1,5,1905,1909,local,True
river_sovereignty,River Sovereignty,1,5,1905,1909,local,True
great_divide,Great Divide,2,5,1905,1917,local,False
at_anakie,At Anakie,2,5,1905,1917,local,False
callide,Callide,2,5,1905,1917,local,False
water_boards,Water Boards,2,5,1905,1917,local,False
cook_district,Cook District,3,5,1905,1909,local,True
manneh_river,Manneh River,1,5,1905,1910,local,True
kokotoro,Kokotoro,2,5,1905,1909,local,False
kofuturo,Kofuturo,2,5,1905,1909,local,False
ofuso_river,Ofuso River,2,5,1905,1909,local,True
ogbesi_river,Ogbesi River,2,5,1905,1909,local,True
amurin,Amurin,2,5,1905,1909,local,False
emure_ile,Emure-Ile,2,5,1905,1909,local,False
suada,Suada,2,5,1905,1909,local,False
ipele_iduani,Ipele-Iduani,2,5,1905,1909,local,False
iduani,Iduani,2,5,1905,1909,local,False
ogpe,Ogpe,2,5,1905,1909,local,False
itwa,Itwa,2,5,1905,1909,local,False
ake,Ake,2,5,1905,1909,local,False
ushoka,Ushoka,2,5,1905,1909,local,False
shebe,Shebe,2,5,1905,1909,local,False
yadu,Yadu,2,5,1905,1909,local,False
jattu,Jattu,2,5,1905,1909,local,False
afana,Afana,2,5,1905,1909,local,False
gufu,Gufu,2,5,1905,1909,local,False
fuga,Fuga,2,5,1905,1909,local,False
from_fuga,From Fuga,2,5,1905,1909,local,False
ashuku,Ashuku,2,5,1905,1909,local,False
otaminne,Otaminne,2,5,1905,1910,local,False
azumine,Azumine,2,5,1905,1909,local,False
akpayfe,Akpayfe,2,5,1905,1909,local,False
okwawu,Okwawu,1,5,1905,1907,local,False
sergeant_instructors,Sergeant-Instructors,2,5,1905,1924,local,False
percival_stevens,Percival Stevens,2,5,1905,1919,local,False
sloping_head,Sloping Head,1,5,1905,1909,local,True
cape_peron,Cape Peron,1,5,1905,1909,local,True
peak_head,Peak Head,1,5,1905,1909,local,True
margaret_river,Margaret River,1,5,1905,1909,local,True
lower_jubaland,Lower Jubaland,2,5,1906,1910,local,False
st_joseph_river,St. Joseph River,2,5,1906,1917,local,True
joseph_river,Joseph River,2,5,1906,1917,local,True
north_eastern_division,North-Eastern Division,2,5,1906,1940,local,False
bijouter_island,Bijouter Island,1,5,1906,1965,local,True
barracoonda,Barracoonda,2,5,1906,1932,local,False
modder_river,Modder River,1,5,1906,1907,local,True
port_hedland,Port Hedland,1,5,1906,1917,local,True
principal_lighthouse_keeper,Principal Lighthouse Keeper,2,5,1907,1921,local,False
legal_departments,Legal Departments,4,5,1907,1921,local,False
ankobra_river,Ankobra River,2,5,1908,1913,local,True
outlying_islands,Outlying Islands,1,5,1908,1928,local,True
nabotsibeni,Nabotsibeni,1,5,1908,1917,local,False
jokovu_dhlamini,Jokovu Dhlamini,1,5,1908,1917,local,False
makambane_fakude,Makambane Fakude,1,5,1908,1917,local,False
tikuba_dhlamini,Tikuba Dhlamini,1,5,1908,1917,local,False
lower_district,Lower District,1,5,1909,1912,local,True
bremerdorp,Bremerdorp,1,5,1909,1927,local,False
shortland_islands,Shortland Islands,2,5,1909,1914,local,True
the_fulani,The Fulani,2,5,1910,1914,local,False
port_of_lagos,Port of Lagos,2,5,1910,1914,local,True
ikirun,Ikirun,2,5,1910,1914,local,False
ede,Ede,2,5,1910,1914,local,False
jebba_island,Jebba Island,2,5,1910,1914,local,True
kwa_ibo_river,Kwa-Ibo River,2,5,1910,1914,local,True
river_enyong,River Enyong,2,5,1910,1914,local,True
anambra_river,Anambra River,2,5,1910,1914,trading_partner,True
river_calabar,River. Calabar,2,5,1910,1914,trading_partner,True
benin_district,Benin District,3,5,1911,1928,local,True
yass_canberra,Yass-Canberra,2,5,1912,1917,local,True
government_pilot,Government Pilot,2,5,1912,1937,local,False
class_compositor,Class Compositor,2,5,1912,1915,local,False
second_engineer,Second Engineer,3,5,1912,1932,local,False
river_steamers,River Steamers,1,5,1912,1940,trading_partner,True
port_of_kingston,Port of Kingston,1,5,1912,1955,local,True
military_department,Military Department,4,5,1912,1939,local,False
boehmher,Boehmher,2,5,1912,1924,local,False
ceylon_straits,Ceylon Straits,1,5,1914,1920,local,True
gishu,Gishu,2,5,1914,1951,local,False
virgin,Virgin,2,5,1914,1951,local,False
malutis,Malutis,1,5,1917,1923,local,False
half_castes,Half-Castes,1,5,1917,1921,local,False
upper_perak_district,Upper Perak District,2,5,1918,1936,local,True
niue_island,Niue Island,2,5,1918,1924,local,True
lake_albert_marine,Lake Albert Marine,1,5,1918,1930,local,True
putatan,Putatan,2,5,1919,1927,local,False
maseru_district,Maseru District,1,5,1920,1922,local,True
assistan,Assistan,2,5,1920,1924,local,False
pleasant_island,Pleasant Island,3,5,1920,1925,local,True
mount_kilimanjaro,Mount Kilimanjaro,2,5,1920,1951,local,True
the_masai,The Masai,2,5,1920,1951,local,False
river_mavumba,River Mavumba,2,5,1921,1925,local,True
kamasia,Kamasia,1,5,1922,1924,local,False
lindi_district,Lindi District,3,5,1922,1932,local,True
express,Express,3,5,1923,1929,local,False
metawileh,Metawileh,1,5,1924,1931,local,False
the_barotse_district,The Barotse District,1,5,1925,1930,local,True
buna,Buna,1,5,1925,1934,local,False
madang,Madang,1,5,1925,1925,local,False
admiralty_islands,Admiralty Islands,2,5,1925,1939,local,True
vostok_island,Vostok Island,2,5,1927,1957,local,True
bwana_mkubwa,Bwana Mkubwa,1,5,1927,1934,local,False
at_turks_island,At Turks Island,1,5,1927,1931,local,True
degree,Degree,3,5,1930,1965,local,False
hamburg_bremer,Hamburg Bremer,1,5,1930,1934,local,False
afrika_linie,Afrika Linie,1,5,1930,1934,local,False
wright_hill,Wright Hill,1,5,1930,1934,local,True
inga,Inga,1,5,1931,1937,local,False
belait_district,Belait District,1,5,1932,1937,local,True
scandinavia,Scandinavia,3,5,1932,1951,local,True
port_matters,Port Matters,1,5,1932,1937,local,True
ain_fawar,Ain Fawar,1,5,1932,1937,local,False
lowest,Lowest,2,5,1932,1937,local,False
the_telephone_exchange,The Telephone Exchange,2,5,1932,1940,local,False
straits_settlements_government,Straits Settlements Government,2,5,1932,1940,local,False
port_of_registry,Port of Registry,1,5,1933,1939,trading_partner,True
western_canada,Western Canada,1,5,1933,1939,trading_partner,True
qadis,Qadis,1,5,1933,1937,local,True
meteorological_station,Meteorological Station,4,5,1933,1939,local,False
wenchi_district,Wenchi District,1,5,1933,1940,local,True
ellice_islands_district,Ellice Islands District,4,5,1934,1950,local,True
beruwala,Beruwala,1,5,1936,1946,local,False
hatton_dikoya,Hatton-Dikoya,1,5,1936,1946,local,False
mount_levine,Mount Levine,3,5,1936,1940,local,True
washington_island,Washington Island,2,5,1936,1946,local,True
to_west_india_islands,To West India Islands,1,5,1937,1948,local,True
hatchet_bay,Hatchet Bay,1,5,1939,1946,local,True
ahanta_nzima,Ahanta-Nzima,2,5,1940,1950,local,False
akwapim_new_juaben,Akwapim-New Juaben,2,5,1940,1950,local,False
port_manager,Port Manager,3,5,1940,1966,local,True
aden_peninsula,Aden Peninsula,1,5,1946,1951,local,True
ras_dhurbat_ali,Ras Dhurbat Ali,1,5,1946,1951,local,False
jol,Jol,1,5,1946,1951,local,False
mt_hillaby,Mt. Hillaby,1,5,1946,1951,local,True
last,Last,2,5,1946,1951,local,False
store_hill,Store Hill,2,5,1946,1951,local,True
orinoco_river,Orinoco River,1,5,1946,1951,local,True
international_boundary_commission,International Boundary Commission,1,5,1946,1951,local,False
the_falls,The Falls,1,5,1946,1951,local,True
the_courantyne_river,The Courantyne River,1,5,1946,1951,local,True
hosororo_hill,Hosororo Hill,1,5,1946,1951,local,True
quintana_roo,Quintana Roo,1,5,1946,1953,local,True
river_south_east,River South East,1,5,1946,1951,local,True
mpulungu_harbour,Mpulungu Harbour,1,5,1946,1951,local,True
maforki,Maforki,1,5,1946,1951,local,False
mano_sakrim_chiefdoms,Mano Sakrim Chiefdoms,1,5,1946,1951,local,False
the_freetown_city,The Freetown City,1,5,1946,1951,local,False
rural_areas_council,Rural Areas Council,1,5,1946,1951,local,False
the_sherbro_judicial_district,The Sherbro Judicial District,1,5,1946,1951,local,True
bonthe_district,Bonthe District,1,5,1946,1951,local,True
sherbro_judicial_district,Sherbro Judicial District,1,5,1946,1951,local,True
the_great_scarcies_river,The Great Scarcies River,1,5,1946,1951,local,True
ribbi_river,Ribbi River,1,5,1946,1951,local,True
bumpe_river,Bumpe River,1,5,1946,1951,local,True
kagboro_river,Kagboro River,1,5,1946,1951,local,True
yukuli_river,Yukuli River,1,5,1946,1951,local,True
bagru_river,Bagru River,1,5,1946,1951,local,True
jong_river,Jong River,1,5,1946,1951,local,True
kionga,Kionga,2,5,1946,1951,local,False
kalambo_river,Kalambo River,2,5,1946,1951,local,True
songwe_river,Songwe River,2,5,1946,1951,local,True
st_joseph_junction,St. Joseph Junction,2,5,1946,1951,local,True
the_caparo_valley,The Caparo Valley,2,5,1946,1951,local,True
sio,Sio,2,5,1946,1951,local,False
river_semliki,River Semliki,2,5,1946,1951,local,True
old_kampala_hill,Old Kampala Hill,2,5,1946,1951,local,True
madi,Madi,2,5,1946,1951,local,False
races,Races,2,5,1948,1953,local,False
river_thames,River Thames,2,5,1948,1951,local,True
bay_also,Bay. Also,1,5,1948,1952,local,True
the_consular_district,The Consular District,1,5,1948,1951,local,True
port_facilities,Port Facilities,2,5,1948,1952,local,True
paphos_district,Paphos District,1,5,1949,1954,local,True
from_singapore_island,From Singapore Island,3,5,1949,1951,local,True
kelabit,Kelabit,1,5,1949,1963,local,False
bay_airport,Bay Airport,2,5,1952,1961,local,True
la_digue_island,La Digue Island,1,5,1952,1957,local,True
out_patient_department,Out-Patient Department,1,5,1953,1957,local,False
infirmary,Infirmary,1,5,1953,1957,local,False
bacteriological_laboratories,Bacteriological Laboratories,1,5,1953,1957,local,False
new_schools,New Schools,1,5,1953,1957,local,False
new_hospitals,New Hospitals,1,5,1953,1957,local,False
mount_tamana,Mount Tamana,1,5,1953,1957,local,True
mount_debasien,Mount Debasien,2,5,1953,1961,local,True
mtondoo,Mtondoo,1,5,1953,1960,local,False
hamilton_harbour,Hamilton Harbour,1,5,1954,1959,local,True
betting,Betting,1,5,1954,1958,local,False
teita_hills,Teita Hills,1,5,1954,1959,local,True
indigenous,Indigenous,2,5,1954,1963,local,False
urban_water_supplies,Urban Water Supplies,3,5,1954,1959,local,False
mtondo,Mtondo,1,5,1954,1963,local,False
special_interest,Special Interest,2,5,1954,1958,local,False
san_jos,San Jos,1,5,1955,1966,local,True
guma_valley_hydro,Guma Valley Hydro,1,5,1955,1959,local,False
the_caicos_islands,The Caicos Islands,1,5,1955,1966,local,True
bay_training_centre,Bay Training Centre,2,5,1956,1960,local,True
local_tax,Local Tax,1,5,1956,1960,local,False
the_plans,The Plans,1,5,1956,1960,local,False
panda_hill,Panda Hill,1,5,1956,1961,local,True
mwembelado_maternity_home,Mwembelado Maternity Home,1,5,1956,1960,local,False
deep_water_harbour,Deep Water Harbour,2,5,1957,1966,local,True
port_development_scheme,Port Development Scheme,1,5,1957,1961,local,True
port_the_railways_administration,Port. The Railways Administration,2,5,1958,1962,local,True
the_assisted,The Assisted,1,5,1958,1963,local,False
stems_duty,Stems Duty,1,5,1959,1963,local,False
sandilands_mental_hospital,Sandilands Mental Hospital,2,5,1960,1964,local,False
adelaide_island,Adelaide Island,2,5,1960,1965,local,True
beau_bassin_rose_hill,Beau Bassin-Rose Hill,1,5,1960,1965,local,True
first_national_city,First National City,1,5,1962,1966,local,False
chase_manhattan_bank,Chase Manhattan Bank,1,5,1962,1966,local,False
rotuman_council,Rotuman Council,2,5,1962,1966,local,False
the_ngwenyama,The Ngwenyama,1,5,1962,1966,local,False
swazi_nation,Swazi Nation,1,5,1962,1966,local,False
st_vincent_grenadines,St. Vincent Grenadines,1,5,1963,1966,local,True
freeport,Freeport,1,5,1966,1966,local,False
manaar,Manaar,1,4,1867,1910,local,False
bengalees,Bengalees,1,4,1867,1880,local,False
foundation,Foundation,1,4,1867,1880,local,False
barbados_bay,Barbados Bay,3,4,1867,1886,local,True
nonconformists,Nonconformists,1,4,1877,1880,local,False
river_honduras,River Honduras,2,4,1877,1880,local,True
increase,Increase,2,4,1877,1936,local,False
palmer_river,Palmer River,1,4,1877,1880,local,True
endeavour_river,Endeavour River,1,4,1877,1880,local,True
hodgkinson_river,Hodgkinson River,1,4,1877,1880,local,True
port_wallaroo,Port Wallaroo,1,4,1877,1883,local,True
vera,Vera,3,4,1877,1936,local,True
mount_lofty_ranges,Mount Lofty Ranges,1,4,1878,1883,local,True
port_robe,Port Robe,1,4,1878,1883,local,True
port_caroline,Port Caroline,1,4,1878,1883,local,True
saint_george_ord,Saint George Ord,2,4,1878,1883,local,True
limpopo_river,Limpopo River,3,4,1878,1883,local,True
hooge_veldt,Hooge Veldt,3,4,1878,1883,local,False
houtbosch,Houtbosch,3,4,1878,1883,local,False
south_pretoria,South Pretoria,3,4,1878,1883,local,False
middelberg,Middelberg,3,4,1878,1883,local,False
wakkerstroom,Wakkerstroom,3,4,1878,1883,local,False
north_pretoria,North Pretoria,3,4,1878,1883,local,False
buffelspoort_farm,Buffelspoort Farm,3,4,1878,1883,local,False
crocodile,Crocodile,3,4,1878,1883,local,False
komati_rivers,Komati Rivers,3,4,1878,1883,local,False
schoenspruit,Schoenspruit,3,4,1878,1883,local,False
marabastad,Marabastad,3,4,1878,1883,local,False
old_harbour,Old Harbour,1,4,1879,1946,local,True
south_islands,South Islands,1,4,1879,1886,local,True
far,Far,1,4,1883,1890,local,False
cape_dropano,Cape Dropano,1,4,1883,1899,local,True
ingogo_river,Ingogo River,2,4,1883,1908,local,True
majuba_mountain,Majuba Mountain,2,4,1883,1908,local,True
st_albans,St. Albans,1,4,1883,1889,local,True
albury,Albury,2,4,1883,1906,local,False
port_alfred_harbour,Port Alfred Harbour,1,4,1888,1890,local,True
st_marks,St. Marks,2,4,1888,1898,local,True
beech,Beech,1,4,1888,1900,local,False
maryboro,Maryboro,1,4,1888,1896,local,False
approximate,Approximate,4,4,1888,1948,local,False
barolong,Barolong,2,4,1889,1966,local,False
sechele,Sechele,1,4,1889,1894,local,False
sudest_island,Sudest Island,1,4,1889,1900,local,True
lying,Lying,1,4,1889,1900,local,False
hofia,Hofia,1,4,1889,1913,local,False
comoro_islands,Comoro Islands,1,4,1889,1896,local,True
bass_straits,Bass Straits,2,4,1889,1908,local,True
silam,Silam,3,4,1890,1898,local,False
gam,Gam,1,4,1890,1900,local,False
morphon,Morphon,1,4,1890,1939,local,True
coral_island,Coral Island,3,4,1890,1950,local,True
coburg_peninsula,Coburg Peninsula,1,4,1890,1897,local,True
sefwihi,Sefwihi,3,4,1890,1906,local,False
port_durnford,Port Durnford,1,4,1890,1898,local,True
the_fly_river,The Fly River,1,4,1894,1898,local,True
san_francisco_mail_service,San Francisco Mail Service,1,4,1894,1900,local,True
clarence_heads,Clarence Heads,1,4,1894,1900,local,True
elaeis_guineensis,Elaeis Guineensis,2,4,1894,1900,local,False
ikonotu_creek,Ikonotu Creek,2,4,1894,1898,local,True
mandingoos,Mandingoos,3,4,1894,1918,local,False
sefwhi,Sefwhi,2,4,1894,1907,local,False
edjumako,Edjumako,2,4,1894,1899,local,False
middle_niger,Middle Niger,3,4,1894,1900,local,False
international_commission,International Commission,3,4,1894,1966,local,False
marshall_islands,Marshall Islands,1,4,1894,1900,local,True
vrijheid_district,Vrijheid District,1,4,1894,1898,local,True
usibebu,Usibebu,1,4,1894,1898,local,False
paimumu_river,Paimumu River,1,4,1896,1900,local,True
river_maputo,River Maputo,3,4,1896,1910,local,True
massi,Massi,3,4,1896,1930,local,False
lake_chilwa,Lake Chilwa,3,4,1896,1905,local,True
river_aroangwa,River Aroangwa,3,4,1896,1905,local,True
river_considerable,River. Considerable,3,4,1896,1900,local,True
port_of_walvisch_bay,Port of Walvisch Bay,1,4,1896,1908,local,True
walvisch_bay,Walvisch Bay,1,4,1896,1908,local,True
shade,Shade,2,4,1896,1925,local,False
river_francis_augustus,"River
Francis Augustus",1,4,1896,1900,local,True
mount_grainger,Mount Grainger,1,4,1896,1917,local,True
franklin_harbour,Franklin Harbour,1,4,1896,1917,local,True
crocodile_river,Crocodile River,2,4,1897,1900,local,True
gami,Gami,2,4,1897,1900,local,False
fort_hill,Fort Hill,2,4,1897,1905,local,True
walvis_bay,Walvis Bay,1,4,1897,1905,local,True
lutherans,Lutherans,1,4,1897,1908,local,False
wollongong,Wollongong,1,4,1897,1917,local,False
mount_granger,Mount Granger,1,4,1897,1907,local,True
kwita,Kwita,2,4,1897,1906,local,False
kotoum,Kotoum,2,4,1897,1906,local,True
stirling_range,Stirling Range,1,4,1897,1900,local,False
ubombo_district,Ubombo District,2,4,1897,1927,local,True
river_pongola,River Pongola,2,4,1898,1907,local,True
river_maputa,River Maputa,2,4,1898,1907,local,True
great_harbour,Great Harbour,1,4,1898,1906,local,True
marsamuscetto_harbour,Marsamuscetto Harbour,1,4,1898,1906,local,True
suburbs,Suburbs,1,4,1898,1922,local,False
norfolk_islands,Norfolk Islands,2,4,1898,1906,local,True
awusa,Awusa,3,4,1899,1933,local,False
foroados,Foroados,2,4,1899,1906,local,False
umtamvuna_river,Umtamvuna River,1,4,1899,1910,local,True
earl_beauchamp,Earl Beauchamp,1,4,1899,1917,local,False
fremantle_district,Fremantle District,1,4,1899,1907,local,True
ronietta_district,Ronietta District,1,4,1900,1930,local,True
diep_river,Diep River,1,4,1905,1908,local,True
cape_government_railway_department,Cape Government Railway Department,1,4,1905,1908,local,True
bay_two,Bay. Two,1,4,1905,1908,local,True
st_helens,St. Helens,4,4,1905,1917,local,True
river_colony_government,River Colony Government,2,4,1905,1909,local,True
expert_adviser,Expert Adviser,4,4,1905,1921,local,False
ayesan,Ayesan,3,4,1905,1940,local,False
paraku,Paraku,1,4,1905,1909,local,False
the_foulahs,The Foulahs,1,4,1905,1908,local,False
loengi_river,Loengi River,1,4,1905,1906,local,True
bandajuma_district,Bandajuma District,1,4,1905,1908,local,True
opofanga,Opofanga,1,4,1905,1909,local,False
ofuso_wena_river,Ofuso-Wena River,1,4,1905,1909,local,True
abere,Abere,2,4,1905,1909,local,False
egpeni,Egpeni,2,4,1905,1908,local,False
orea,Orea,2,4,1905,1908,local,True
yaiya,Yaiya,2,4,1905,1908,local,False
idogun,Idogun,1,4,1905,1909,local,False
prampram,Prampram,2,4,1905,1912,local,False
wesley,Wesley,2,4,1905,1924,local,False
ghizo,Ghizo,2,4,1905,1908,local,True
south_masailand,South Masailand,2,4,1906,1909,local,False
north_masailand,North Masailand,2,4,1906,1909,local,False
karungu,Karungu,2,4,1906,1909,local,False
calypso,Calypso,1,4,1906,1909,local,False
latona,Latona,1,4,1906,1909,local,False
sappho,Sappho,1,4,1906,1909,local,False
fort_amherst,Fort Amherst,1,4,1906,1909,local,True
rakanga,Rakanga,1,4,1906,1917,local,False
mid_vaal_river,Mid Vaal River,1,4,1906,1909,local,True
owena_river,Owena River,2,4,1906,1909,local,True
aushi,Aushi,2,4,1906,1909,local,False
goronu,Goronu,2,4,1906,1909,local,False
osse,Osse,2,4,1906,1909,local,False
two_second_class,Two Second Class,2,4,1906,1915,local,False
molder_river,Molder River,1,4,1906,1908,local,True
estimator,Estimator,3,4,1906,1924,local,False
relieving_district,Relieving District,3,4,1907,1909,local,True
st_john_branch,St. John Branch,4,4,1907,1923,local,True
donald_kingdon,Donald Kingdon,2,4,1908,1912,local,False
malunge_dhlamini,Malunge Dhlamini,1,4,1908,1911,local,False
zombodi,Zombodi,1,4,1908,1917,local,False
hoho_district,Hoho District,2,4,1908,1910,local,True
boddam_whetham,Boddam-Whetham,2,4,1909,1912,local,False
gealekaland,Gealekaland,2,4,1909,1915,local,False
la_plaine,La Plaine,2,4,1909,1929,local,True
suffolk_regt,Suffolk Regt,3,4,1909,1921,local,False
as_papua,As Papua,1,4,1909,1917,local,False
virgin_island,Virgin Island,3,4,1909,1949,local,True
peter_island,Peter Island,3,4,1909,1946,local,True
ila,Ila,2,4,1910,1914,local,False
kwahu_district,Kwahu District,2,4,1910,1913,local,True
badagri_district,Badagri District,2,4,1911,1914,local,True
anna_regina_district,Anna Regina District,1,4,1912,1925,local,True
hall_district,Hall District,1,4,1912,1925,local,True
cotton_tree_district,Cotton Tree District,1,4,1912,1925,local,True
suddie_district,Suddie District,1,4,1912,1925,local,True
plaisance_district,Plaisance District,1,4,1912,1925,local,True
belle_vue_district,Belle Vue District,1,4,1912,1925,local,True
leonora_district,Leonora District,1,4,1912,1925,local,True
skeldon_district,Skeldon District,1,4,1912,1925,local,True
mara_district,Mara District,1,4,1912,1925,local,True
holy_trinity,Holy Trinity,2,4,1912,1948,local,False
lake_superior_junction,Lake Superior Junction,2,4,1912,1914,local,True
treasury_branch,Treasury Branch,2,4,1912,1925,local,False
tucker,Tucker,2,4,1912,1936,local,False
enclave,Enclave,1,4,1912,1915,local,False
anocobra_river,Anocobra River,2,4,1914,1920,local,True
adam_smith,Adam Smith,2,4,1914,1919,local,False
secondee_dixcove,Secondee-Dixcove,2,4,1915,1924,local,False
chru_river,Chru River,2,4,1915,1919,local,True
heureux,Heureux,3,4,1915,1924,local,False
edmonton,Edmonton,2,4,1917,1922,local,False
chuka,Chuka,1,4,1917,1920,local,True
wiltshire_regt,Wiltshire Regt,3,4,1917,1921,local,False
by_decades,By Decades,2,4,1917,1922,local,False
akwanu,Akwanu,2,4,1917,1932,local,False
road_head,Road Head,2,4,1917,1918,local,True
timbang_batu,Timbang Batu,1,4,1918,1921,local,False
sipitong,Sipitong,1,4,1918,1921,local,False
decem,Decem,4,4,1919,1957,local,True
edwin_taylor,Edwin Taylor,2,4,1920,1929,local,False
la_blache,La Blache,1,4,1920,1922,local,False
brux,Brux,2,4,1920,1934,local,False
fiennes_institute,Fiennes Institute,1,4,1920,1952,local,False
farquhar_islands,Farquhar Islands,1,4,1921,1924,local,True
sulaimaniyah,Sulaimaniyah,2,4,1921,1927,local,False
allied_societies,Allied Societies,2,4,1921,1925,local,False
cape_coast_district,Cape Coast District,2,4,1922,1925,local,True
nyika_reserve,Nyika Reserve,1,4,1922,1924,local,False
military_control,Military Control,2,4,1922,1925,local,False
clas,Clas,2,4,1922,1936,local,False
howland_islands,Howland Islands,3,4,1922,1934,local,True
mail_companies,Mail Companies,1,4,1923,1927,local,False
pacific_railway_co,Pacific Railway Co,1,4,1923,1927,local,False
cockscob_mountains,Cockscob Mountains,1,4,1923,1927,local,True
diyalawala,Diyalawala,1,4,1923,1936,local,False
commerciale,Commerciale,2,4,1923,1927,local,False
ouest_africain,Ouest Africain,2,4,1923,1927,local,False
krohn_line,Krohn Line,2,4,1923,1927,local,False
gothenburg,Gothenburg,2,4,1923,1927,local,False
christiania,Christiania,2,4,1923,1927,local,False
the_anglo_guinea,The Anglo-Guinea,2,4,1923,1927,local,False
the_cameroon_oil_river,The Cameroon-Oil River,2,4,1923,1927,local,True
lagos_service,Lagos Service,2,4,1923,1927,local,False
shipping_agency,Shipping Agency,2,4,1923,1927,local,False
gymnasia,Gymnasia,2,4,1923,1950,local,False
ubombo_mountains,Ubombo Mountains,1,4,1923,1927,local,True
assista,Assista,2,4,1924,1931,local,False
mount_gipsia,Mount Gipsia,1,4,1924,1929,local,True
male_island,Male Island,1,4,1925,1932,local,True
diyalatalawa,Diyalatalawa,1,4,1925,1939,local,False
manosa_krim_chiefdoms,Manosa Krim Chiefdoms,1,4,1925,1932,local,False
aitape,Aitape,1,4,1925,1925,local,False
manus,Manus,1,4,1925,1925,local,True
kieta,Kieta,1,4,1925,1925,local,True
glovers_island,Glovers Island,1,4,1927,1932,local,True
bonteh,Bonteh,1,4,1927,1940,trading_partner,True
apichau,Apichau,1,4,1928,1948,local,False
wheat_mill,Wheat Mill,1,4,1928,1931,local,False
cardiff,Cardiff,1,4,1928,1931,trading_partner,True
barber_line,Barber Line,1,4,1929,1932,local,False
government_quarters,Government Quarters,2,4,1930,1955,local,False
mukah_river,Mukah River,1,4,1931,1940,local,True
compagnie_francaise,Compagnie Francaise,1,4,1931,1934,local,False
compagnie_marseillaise,Compagnie Marseillaise,1,4,1931,1934,local,False
cie_fraissinet,Cie Fraissinet,1,4,1931,1940,local,False
societe_navale,Societe Navale,1,4,1931,1939,local,False
ulipa_plateau,Ulipa Plateau,2,4,1932,1937,local,False
meru_mountains,Meru Mountains,2,4,1932,1936,local,True
lake_ports,Lake Ports,2,4,1932,1936,local,True
south_turkana,South Turkana,2,4,1932,1934,local,False
ufipa_plateau,Ufipa Plateau,3,4,1932,1948,local,False
oguaa,Oguaa,1,4,1932,1936,local,False
mwirasandu,Mwirasandu,1,4,1932,1939,local,False
kandang_kerbau,Kandang Kerbau,2,4,1933,1934,local,False
north_east_monsoon,North-East Monsoon,1,4,1934,1936,local,False
highest_maximum,Highest Maximum,1,4,1934,1940,local,False
lowest_minimum,Lowest Minimum,1,4,1934,1940,local,False
the_mandingoes,The Mandingoes,2,4,1934,1950,local,False
juaben,Juaben,2,4,1934,1950,local,False
obuasi_district,Obuasi District,1,4,1934,1940,local,True
at_galle,At Galle,1,4,1936,1946,local,False
thomson_falls,Thomson Falls,1,4,1936,1939,local,True
the_mean_monthly,The Mean Monthly,1,4,1936,1940,local,False
minimum_temperature,Minimum Temperature,1,4,1936,1940,local,False
port_of_beira,Port of Beira,1,4,1936,1940,local,True
mount_tabor,Mount Tabor,1,4,1936,1940,local,True
dennis_island,Dennis Island,1,4,1936,1940,trading_partner,True
mafoki,Mafoki,1,4,1936,1940,local,False
mano_sa_krim,Mano Sa Krim,1,4,1936,1940,local,False
monck_mason_moore,Monck-Mason Moore,1,4,1936,1939,local,False
saunders_jones,Saunders-Jones,1,4,1936,1937,local,False
the_civil_service,The Civil Service,3,4,1937,1966,local,False
meda_ela,Meda Ela,1,4,1937,1946,local,False
at_nairobi,At Nairobi,1,4,1937,1948,local,False
soga,Soga,2,4,1937,1951,local,False
tiban,Tiban,1,4,1939,1940,local,False
torres_island,Torres Island,2,4,1939,1948,local,True
efate,Efate,2,4,1939,1957,local,True
the_phoenix_islands,The Phoenix Islands,3,4,1939,1948,local,True
east_africa_governors,East Africa Governors,3,4,1940,1946,local,False
standing_conference,Standing Conference,4,4,1940,1946,local,False
river_yarmuq,River Yarmuq,1,4,1940,1946,local,True
birim,Birim,2,4,1940,1950,local,False
st_benedict,St. Benedict,2,4,1940,1949,local,True
husn_murad,Husn Murad,1,4,1946,1951,local,False
acklins_island,Acklins Island,3,4,1946,1950,local,True
the_out_islands,The Out Islands,3,4,1946,1950,local,True
wenamu_river,Wenamu River,1,4,1946,1951,local,True
mahdia_river,Mahdia River,1,4,1946,1950,local,True
river_output,River. Output,1,4,1946,1950,local,True
st_hilarion,St. Hilarion,1,4,1946,1951,local,True
dodecanese_islands,Dodecanese Islands,1,4,1946,1951,local,True
the_wollofs,The Wollofs,2,4,1946,1950,local,False
outside_bathurst,Outside Bathurst,2,4,1946,1950,local,False
fulbe_firdu,Fulbe Firdu,2,4,1946,1950,local,False
jombo,Jombo,2,4,1946,1950,local,False
lorobo,Lorobo,2,4,1946,1950,local,False
habobo,Habobo,2,4,1946,1950,local,False
jawando,Jawando,2,4,1946,1950,local,False
labo,Labo,2,4,1946,1950,local,False
fulbe_futo,Fulbe Futo,2,4,1946,1950,local,False
the_serahulis,The Serahulis,2,4,1946,1950,local,False
the_krachi,The Krachi,1,4,1946,1950,local,False
the_rural_areas,The Rural Areas,1,4,1946,1950,local,False
kakitumba_river,Kakitumba River,2,4,1946,1950,local,True
the_cathedral_church,The Cathedral Church,1,4,1946,1948,local,False
half_hamite,Half-Hamite,2,4,1946,1948,local,False
niulakita,Niulakita,3,4,1946,1950,local,False
micronesians,Micronesians,3,4,1946,1963,local,False
the_line_islands,The Line Islands,3,4,1946,1950,local,True
mitre_island,Mitre Island,2,4,1946,1963,local,True
geographically_barbados,Geographically Barbados,1,4,1946,1950,local,False
socota,Socota,1,4,1948,1948,local,True
temburong_river,Temburong River,1,4,1948,1951,local,True
yorkshire,Yorkshire,1,4,1948,1951,local,False
nakon_sridhammaraj,Nakon Sridhammaraj,1,4,1948,1951,local,True
the_muda_river,The Muda River,1,4,1948,1951,local,True
bernam_river,Bernam River,1,4,1948,1951,local,True
the_kra_peninsula,The Kra Peninsula,1,4,1948,1951,local,True
ben_nevis,Ben Nevis,1,4,1948,1951,local,True
river_merbok,River Merbok,1,4,1948,1951,local,True
granville_island,Granville Island,1,4,1948,1951,local,True
the_bay,The Bay,1,4,1948,1951,local,True
mount_abyla,Mount Abyla,1,4,1948,1951,local,True
apes_hill,Apes Hill,1,4,1948,1951,local,True
lyemun_strait,Lyemun Strait,1,4,1948,1951,local,True
the_kowloon_peninsula,The Kowloon Peninsula,1,4,1948,1951,local,True
rio_minho,Rio Minho,1,4,1948,1951,local,True
rio_cobre,Rio Cobre,1,4,1948,1951,local,True
white_river,White River,1,4,1948,1951,local,True
river_spring,River Spring,1,4,1948,1951,local,True
st_andrew_youth_council,St. Andrew Youth Council,1,4,1948,1951,local,True
the_blessed_island,The Blessed Island,1,4,1948,1951,local,True
mill_hill,Mill Hill,1,4,1948,1951,local,True
scirocco,Scirocco,1,4,1948,1964,local,False
the_indo_mauritians,The Indo-Mauritians,1,4,1948,1951,local,False
prince_island,Prince Island,1,4,1948,1951,local,True
lake_young,Lake Young,1,4,1948,1951,local,True
lake_chila,Lake Chila,1,4,1948,1951,local,True
lake_moir,Lake Moir,1,4,1948,1951,local,True
luangwa_valley,Luangwa Valley,1,4,1948,1951,local,True
on_west_island,On West Island,2,4,1948,1951,local,True
home_island,Home Island,2,4,1948,1951,local,True
the_historic_island,The Historic Island,1,4,1948,1951,local,True
the_sudanians,The Sudanians,1,4,1950,1951,local,False
ajax_bay,Ajax Bay,2,4,1953,1956,local,True
lantau,Lantau,1,4,1953,1965,local,True
abattoir,Abattoir,1,4,1953,1956,local,False
river_various,River. Various,2,4,1953,1958,local,True
teacher_training_departments,Teacher Training Departments,1,4,1953,1956,local,False
surgical_clinics,Surgical Clinics,1,4,1954,1957,local,False
loan_co,Loan Co,1,4,1954,1957,local,False
st_christopher_nevis_anguilla,St. Christopher-Nevis-Anguilla,3,4,1955,1961,local,True
freetown_electricity_supplies,Freetown Electricity Supplies,1,4,1955,1958,local,False
lungi_airport,Lungi Airport,1,4,1956,1959,local,False
provincial_electricity_supplies,Provincial Electricity Supplies,1,4,1956,1959,local,False
provincial_water_supplies,Provincial Water Supplies,1,4,1956,1959,local,False
housing_schemes,Housing Schemes,1,4,1956,1959,local,False
fisheries_research,Fisheries Research,1,4,1956,1959,local,False
mbeya_district,Mbeya District,1,4,1956,1959,local,True
zanzibar_protectorate,Zanzibar Protectorate,1,4,1956,1963,local,False
entomological_laboratory,Entomological Laboratory,1,4,1957,1960,local,False
malaria_control_unit,Malaria Control Unit,1,4,1957,1960,local,False
st_helenian,St. Helenian,1,4,1957,1963,local,True
san_cristobal,San Cristobal,1,4,1957,1963,local,True
other_pacific_islanders,Other Pacific Islanders,2,4,1958,1962,local,False
ruvu_river,Ruvu River,1,4,1958,1961,local,True
aden_harbour,Aden Harbour,2,4,1960,1963,local,True
castle_harbour,Castle Harbour,1,4,1960,1963,local,True
taita_hills,Taita Hills,1,4,1960,1963,local,True
aldabra_lagoon,Aldabra Lagoon,1,4,1962,1965,local,True
swazi_national_administration,Swazi National Administration,1,4,1962,1966,local,False
ring,Ring,1,4,1963,1966,local,False
kingfish,Kingfish,1,4,1963,1966,local,False
jack_mackerel,Jack Mackerel,1,4,1963,1966,local,False
legal_service,Legal Service,1,4,1963,1966,local,False
the_graham_land_peninsula,The Graham Land Peninsula,1,4,1963,1964,local,True
continental_land_masses,Continental Land Masses,1,4,1963,1966,local,False
weddell,Weddell,1,4,1963,1966,local,False
south_shetlands_island,South Shetlands Island,1,4,1963,1966,local,True
caird_coast,Caird Coast,1,4,1963,1966,local,False
wiencke_islands,Wiencke Islands,1,4,1963,1966,local,True
melville_hall_estate,Melville Hall Estate,1,4,1963,1966,local,False
grand_bay,Grand Bay,1,4,1963,1966,local,True
no_museum,No Museum,1,4,1963,1966,local,False
dental_service,Dental Service,2,4,1963,1966,local,False
melville_hall,Melville Hall,1,4,1963,1966,local,False
combined_grimaldi,Combined Grimaldi,1,4,1963,1966,local,False
siosa_line,Siosa Line,1,4,1963,1966,local,False
wall_inter_island,Wall Inter Island,1,4,1963,1966,local,True
shipping_service_ltd,Shipping Service Ltd,1,4,1963,1966,local,False
the_government_fruit,The Government Fruit,1,4,1963,1966,local,False
packing,Packing,1,4,1963,1966,local,False
marketing_depot,Marketing Depot,1,4,1963,1966,local,False
three_marketing,Three Marketing,1,4,1963,1966,local,False
lime_juice,Lime Juice,1,4,1963,1966,local,False
lime_oil,Lime Oil,1,4,1963,1966,local,False
oranges,Oranges,1,4,1963,1966,local,False
grapefruit,Grapefruit,1,4,1963,1966,local,False
south_shetland_islands,South Shetland Islands,2,4,1963,1966,local,True
casino,Casino,2,4,1963,1966,local,False
mt_st,Mt. St,1,4,1963,1966,local,True
silver_hill,Silver Hill,1,4,1963,1966,local,True
aldabra_island,Aldabra Island,1,4,1963,1966,local,True
mt_gimie,Mt. Gimie,1,4,1963,1966,local,True
villa_bay,Villa Bay,1,4,1963,1966,local,True
fossil_bluff,Fossil Bluff,1,4,1964,1966,local,False
emergency_tax,Emergency Tax,1,4,1965,1966,local,False
the_antarctic_peninsula,The Antarctic Peninsula,1,4,1965,1966,local,True
tinkundla,Tinkundla,1,4,1965,1966,local,False
bay_harbour_master,"Bay.
Harbour-Master",1,3,1867,1905,local,True
blue_mountain_valley,Blue Mountain Valley,1,3,1867,1867,local,True
saint_vincent,Saint Vincent,1,3,1867,1867,local,True
wales_island,Wales Island,2,3,1867,1886,local,True
cape_rachado,Cape Rachado,2,3,1878,1883,trading_partner,True
cockscmb_mountains,Cockscmb Mountains,1,3,1879,1914,local,True
port_of_walwich_bay,Port of Walwich Bay,1,3,1879,1883,local,True
cape_mounted_yeomanry,Cape Mounted Yeomanry,1,3,1879,1880,local,True
port_of_natal,Port of Natal,1,3,1879,1883,local,True
point_scarborough,Point Scarborough,2,3,1879,1886,local,True
the_berbice_river,The Berbice River,1,3,1883,1888,local,True
st_leonards,St. Leonards,2,3,1883,1899,local,True
point_palmrya,Point Palmrya,1,3,1886,1932,local,True
south_sea_island,South Sea Island,1,3,1886,1889,local,True
port_of_nain,Port of Nain,1,3,1886,1894,local,True
scarcies_river,Scarcies River,1,3,1886,1889,local,True
river_the_city,"River.
The City",1,3,1888,1925,local,True
glorioso_islands,Glorioso Islands,1,3,1888,1890,local,True
st_paul_island,St. Paul Island,1,3,1888,1890,local,True
paul_island,Paul Island,1,3,1888,1890,local,True
amsterdam_island,Amsterdam Island,1,3,1888,1890,local,True
port_of_maryborough,Port of Maryborough,1,3,1888,1894,local,True
york_district,York District,2,3,1888,1900,local,True
toodyay_district,Toodyay District,2,3,1888,1900,local,True
blackwood_district,Blackwood District,2,3,1888,1900,local,True
melbourne_bank,Melbourne Bank,1,3,1888,1890,local,True
st_lucia_lake,St. Lucia Lake,1,3,1888,1890,local,True
cape_premier,Cape Premier,1,3,1889,1894,local,True
cape_ministry,Cape Ministry,1,3,1889,1894,local,True
setlagoli_river,Setlagoli River,1,3,1889,1894,local,True
maritsani_river,Maritsani River,1,3,1889,1894,local,True
port_of_simon,Port of Simon,1,3,1889,1900,local,True
port_of_mossel_bay,Port of Mossel Bay,1,3,1889,1900,local,True
port_of_knysna,Port of Knysna,1,3,1889,1909,local,True
port_of_port_nolloth,Port of Port Nolloth,1,3,1889,1900,local,True
barthurst_islands,Barthurst Islands,1,3,1889,1894,local,True
bay_of_morphon,Bay of Morphon,1,3,1890,1939,local,True
pilgrim_island,Pilgrim Island,2,3,1890,1897,local,True
little_scrub_island,Little Scrub Island,2,3,1890,1897,local,True
palmerston_island,Palmerston Island,2,3,1890,1897,local,True
hull_island,Hull Island,3,3,1890,1950,local,True
st_nicholas,St. Nicholas,1,3,1890,1898,local,True
the_kuriyan_muriyan_islands,The Kuriyan-Muriyan Islands,2,3,1894,1905,local,True
carcados_islands,Carcados Islands,1,3,1894,1898,local,True
bay_railway,Bay Railway,1,3,1894,1900,local,True
yorke_peninsula,Yorke Peninsula,1,3,1894,1899,local,True
port_germain,Port Germain,1,3,1894,1897,local,True
port_fairy,Port Fairy,1,3,1894,1917,local,True
port_melbourne,Port Melbourne,1,3,1894,1917,local,True
navigator_islands,Navigator Islands,1,3,1894,1900,local,True
bardera,Bardera,2,3,1896,1898,trading_partner,True
river_chobe,River Chobe,2,3,1896,1898,local,True
river_mazoe,River Mazoe,2,3,1896,1898,local,True
johnston_falls,Johnston Falls,2,3,1896,1898,local,True
upper_luapula_river,Upper Luapula River,2,3,1896,1898,local,True
vitilevu,Vitilevu,1,3,1896,1937,local,True
middle_district,Middle District,1,3,1896,1898,local,True
kormantin_bay,Kormantin Bay,2,3,1896,1898,local,True
birrim_river,Birrim River,2,3,1896,1898,local,True
river_umba,River Umba,3,3,1897,1900,local,True
the_river,The River,1,3,1897,1900,local,True
port_philip_bay,Port Philip Bay,1,3,1897,1899,local,True
st_catharines,St. Catharines,2,3,1898,1900,local,True
takoradi_bay,Takoradi Bay,2,3,1898,1900,trading_partner,True
cockscumb_mountains,Cockscumb Mountains,1,3,1899,1922,local,True
st_leger,St. Leger,2,3,1899,1917,local,True
plantagenet_district,Plantagenet District,1,3,1899,1917,local,True
cockscamb_mountains,Cockscamb Mountains,1,3,1900,1930,local,True
kyrena_mountains,Kyrena Mountains,1,3,1900,1917,local,True
port_arthur,Port Arthur,3,3,1900,1909,local,True
wellington_district,Wellington District,1,3,1900,1917,local,True
katanning_district,Katanning District,1,3,1900,1907,local,True
zout_river,Zout River,1,3,1905,1907,local,True
ben_blaine,Ben Blaine,1,3,1905,1907,local,True
kiwa,Kiwa,2,3,1905,1955,local,True
omoluma,Omoluma,2,3,1905,1907,local,True
day_dawn_district,Day Dawn District,1,3,1905,1907,local,True
river_goldfield,River Goldfield,1,3,1905,1907,local,True
woodland_island,Woodland Island,2,3,1906,1911,local,True
at_eerste_river,At Eerste River,1,3,1906,1908,local,True
point_railway,Point Railway,1,3,1906,1908,local,True
point_municipality,Point Municipality,1,3,1906,1908,local,True
umzimvubu_river,Umzimvubu River,1,3,1906,1908,local,True
st_johns_umtata_railway,St. Johns-Umtata Railway,1,3,1906,1908,local,True
cape_mounted_police,Cape Mounted Police,1,3,1906,1908,local,True
bay_bean,Bay Bean,2,3,1906,1909,local,True
portendie,Portendie,1,3,1906,1929,trading_partner,True
river_he,River. He,1,3,1906,1908,local,True
fore_bay,Fore Bay,1,3,1907,1909,local,True
cape_government_railways_refreshment,Cape Government Railways Refreshment,1,3,1907,1909,local,True
cape_town_agency,Cape Town Agency,2,3,1907,1923,local,True
watlings_island,Watlings Island,1,3,1909,1946,local,True
uvombo_district,Uvombo District,2,3,1909,1924,local,True
mannar_island,Mannar Island,1,3,1910,1912,local,True
mount_trodos,Mount Trodos,1,3,1910,1939,local,True
san_fernando_post_master,San Fernando Post Master,2,3,1910,1921,local,True
river_sombrero,River Sombrero,1,3,1911,1913,trading_partner,True
canje_highbury_district,Canje-Highbury District,1,3,1912,1925,local,True
philadelphia_leguan_district,Philadelphia-Leguan District,1,3,1912,1925,local,True
buxton_district,Buxton District,1,3,1912,1925,local,True
educational_district,Educational District,1,3,1912,1922,local,True
san_fernando_branch,San Fernando Branch,2,3,1912,1923,local,True
san_fernando_siparia,San Fernando-Siparia,1,3,1913,1915,local,True
fort_garry_station,Fort Garry Station,1,3,1914,1917,local,True
port_south_east,Port South East,1,3,1915,1918,local,True
mackay,Mackay,2,3,1917,1920,local,True
peak_district,Peak District,1,3,1917,1921,local,True
port_augusta_railway_loans,Port Augusta Railway Loans,1,3,1917,1917,local,True
port_nelson,Port Nelson,1,3,1918,1920,local,True
at_glace_bay,At Glace Bay,1,3,1919,1922,local,True
at_niue_island,At Niue Island,2,3,1919,1924,local,True
berea_district,Berea District,1,3,1920,1922,local,True
salisbury_district,Salisbury District,2,3,1920,1923,local,True
st_lawrence_lumber,St. Lawrence Lumber,1,3,1921,1927,local,True
terra_nova_river,Terra Nova River,1,3,1921,1927,local,True
bonavista_bay,Bonavista Bay,1,3,1921,1927,local,True
jerusalem_district,Jerusalem District,1,3,1921,1946,local,True
samaria_district,Samaria District,1,3,1921,1946,local,True
beersheba_district,Beersheba District,1,3,1921,1923,local,True
chambezi_river,Chambezi River,2,3,1921,1930,local,True
mankaiana_district,Mankaiana District,1,3,1921,1927,local,True
second_additional_district,Second Additional District,1,3,1923,1932,local,True
golok_river,Golok River,2,3,1923,1936,local,True
fort_prison,Fort Prison,2,3,1923,1925,local,True
telle_river,Telle River,1,3,1924,1927,local,True
marseille,Marseille,3,3,1924,1940,local,False
sherbo_island,Sherbo Island,1,3,1927,1930,local,True
roatan,Roatan,2,3,1927,1939,local,True
port_of_jinja,Port of Jinja,1,3,1928,1930,local,True
jaffna_peninsula,Jaffna Peninsula,1,3,1929,1931,local,True
arusha_district,Arusha District,2,3,1932,1934,local,True
nguu_mountains,Nguu Mountains,2,3,1932,1936,local,True
bay_constitution,"Bay.
Constitution",2,3,1932,1963,local,True
chambeshi_river,Chambeshi River,1,3,1932,1934,local,True
darvel_bay,Darvel Bay,1,3,1932,1934,local,True
the_three_district,The Three District,1,3,1932,1937,local,True
mlagarassi_river,Mlagarassi River,1,3,1932,1939,local,True
mount_zulin,Mount Zulin,1,3,1932,1934,local,True
konawaruk_river,Konawaruk River,1,3,1933,1936,local,True
isle_of_pines,Isle of Pines,1,3,1933,1936,local,True
mount_faber,Mount Faber,2,3,1933,1936,local,True
port_of_shipment,Port of Shipment,1,3,1934,1937,local,True
shipment,Shipment,1,3,1934,1937,local,True
northern_gilberts_district,Northern Gilberts District,2,3,1934,1937,local,True
southern_gilberts_district,Southern Gilberts District,2,3,1934,1937,local,True
fanning_island_district,Fanning Island District,2,3,1934,1937,local,True
the_turkana_district,The Turkana District,1,3,1936,1939,local,True
loldaika_hills,Loldaika Hills,1,3,1936,1939,local,True
haifa_acre_bay,Haifa-Acre Bay,1,3,1936,1939,local,True
pujehun_district,Pujehun District,1,3,1936,1940,local,True
port_bouet,Port Bouet,1,3,1936,1939,local,True
of_foreign_river,Of Foreign River,1,3,1937,1940,trading_partner,True
black_river_district,Black River District,1,3,1937,1940,local,True
maritime_plain,Maritime Plain,1,3,1937,1940,local,True
bekwai_district,Bekwai District,1,3,1937,1940,local,True
christmas_islands,Christmas Islands,2,3,1939,1946,local,True
point_the_exchange_bank,Point. The Exchange Bank,1,3,1946,1949,local,True
caroline_islands,Caroline Islands,3,3,1946,1950,local,True
rabi_island,Rabi Island,3,3,1946,1950,local,True
bay_of_brunei,Bay of Brunei,1,3,1948,1951,local,True
lake_chirengwa,Lake Chirengwa,1,3,1948,1950,local,True
gardner_islands,Gardner Islands,2,3,1948,1950,local,True
phoenix_islands_district,Phoenix Islands District,2,3,1948,1950,local,True
port_committees,Port Committees,3,3,1949,1951,local,True
the_lau_islands,The Lau Islands,1,3,1949,1951,local,True
aberdare_mountains,Aberdare Mountains,1,3,1949,1951,local,True
athi_plains,Athi Plains,1,3,1949,1951,local,True
kenya_mountain,Kenya Mountain,1,3,1949,1951,local,True
port_welfare_department,Port Welfare Department,1,3,1949,1951,local,True
excavos_river,Excavos River,1,3,1949,1951,local,True
st_helena_government_representative,St. Helena Government Representative,1,3,1949,1951,local,True
rungwe_mountain,Rungwe Mountain,1,3,1949,1951,local,True
chunya_district,Chunya District,1,3,1949,1951,local,True
san_fernando_borough_council,San Fernando Borough Council,1,3,1949,1951,local,True
mt_elgon,Mt. Elgon,1,3,1949,1951,local,True
kigezi_district,Kigezi District,1,3,1949,1951,local,True
ubangi_shari,Ubangi-Shari,1,3,1949,1951,local,True
west_nile_district,West Nile District,1,3,1949,1951,local,True
lake_regions,Lake Regions,1,3,1949,1951,local,True
equatorial_mountains,Equatorial Mountains,1,3,1949,1951,local,True
st_thomas_eastern,St. Thomas Eastern,1,3,1951,1953,local,True
st_elizabeth_southern,St. Elizabeth Southern,1,3,1951,1953,local,True
st_ann_eastern,St. Ann Eastern,1,3,1951,1953,local,True
st_mary_eastern,St. Mary Eastern,1,3,1951,1953,local,True
st_catherine_north_eastern,St. Catherine North Eastern,1,3,1951,1953,local,True
st_james_north_western,St. James North Western,1,3,1951,1953,local,True
st_andrew_eastern,St. Andrew Eastern,1,3,1951,1953,local,True
st_ann_western,St. Ann Western,1,3,1951,1953,local,True
st_catherine_western,St. Catherine Western,1,3,1951,1953,local,True
st_elizabeth_northern,St. Elizabeth Northern,1,3,1951,1953,local,True
st_thomas_western,St. Thomas Western,1,3,1951,1953,local,True
st_andrew_western,St. Andrew Western,1,3,1951,1953,local,True
st_james_south_eastern,St. James South Eastern,1,3,1951,1953,local,True
st_catherine_south_eastern,St. Catherine South Eastern,1,3,1951,1953,local,True
st_mary_western,St. Mary Western,1,3,1951,1953,local,True
curieuse_island,Curieuse Island,1,3,1951,1953,local,True
bay_flying,Bay Flying,2,3,1955,1957,local,True
bay_government,Bay. Government,2,3,1956,1961,local,True
port_line,Port Line,2,3,1956,1961,local,True
port_development,Port Development,1,3,1957,1959,local,True
vella_lavella,Vella Lavella,1,3,1957,1963,local,True
murchison_falls,Murchison Falls,1,3,1958,1960,local,True
fort_jesus,Fort Jesus,1,3,1961,1963,local,True
louren,Louren,1,3,1962,1966,local,True
the_chobe_river,The Chobe River,3,3,1962,1966,local,True
big_creek,Big Creek,1,3,1963,1965,local,True
st_luce,St. Luce,1,3,1963,1965,local,True
mount_usborne,Mount Usborne,2,3,1963,1966,local,True
santa_ysabel,Santa Ysabel,1,3,1963,1963,local,True
st_hill,St. Hill,2,3,1964,1966,local,True
signal_hill,Signal Hill,1,3,1964,1966,local,True
fort_george_point,Fort George Point,1,3,1964,1966,local,True
